categoryId,name,uri,product_id
380,Laptop,laptop,49568
5,Mac,mac,49568
387,MacBook Air,macbook-air,49568
2227,Macbook M2,m2-series,49568
2,Root,default-category,101619
4,Máy tính bảng,tablet,101619
944,iPad,ipad,101619
2222,Máy tính bảng AI,ai,101619
2510,iPad A16,ipad-a16,101619
380,Laptop,laptop,28229
5,Mac,mac,28229
387,MacBook Air,macbook-air,28229
2226,Macbook M1,m1-series,28229
2,Root,default-category,59258
3,Điện thoại,mobile,59258
132,Apple,apple,59258
1131,Điện thoại gaming,dien-thoai-gaming,59258
1601,Điện thoại pin trâu,dien-thoai-pin-trau,59258
1602,Điện thoại dung lượng lớn,dien-thoai-dung-luong-lon,59258
1603,Điện thoại cấu hình cao,dien-thoai-cau-hinh-cao,59258
1605,Điện thoại chụp ảnh/quay phim đẹp,dien-thoai-chup-anh-quay-phim,59258
2221,Điện thoại AI,ai,59258
2240,Chuẩn NFC,nfc,59258
2305,iPhone 16 Series,iphone-16,59258
4,Máy tính bảng,tablet,69906
138,Samsung,samsung,69906
2,Root,default-category,55189
4,Máy tính bảng,tablet,55189
944,iPad,ipad,55189
1437,iPad 10.9,ipad-10-9,55189
380,Laptop,laptop,101839
5,Mac,mac,101839
1055,Laptop đồ họa,do-hoa,101839
1056,Laptop mỏng nhẹ,mong-nhe,101839
1217,Laptop Văn phòng,van-phong,101839
1432,Laptop 13 inch ,laptop-13-inch,101839
387,MacBook Air,macbook-air,101839
2511,Macbook M4,m4-series,101839
380,Laptop,laptop,101832
5,Mac,mac,101832
1055,Laptop đồ họa,do-hoa,101832
1056,Laptop mỏng nhẹ,mong-nhe,101832
1217,Laptop Văn phòng,van-phong,101832
1432,Laptop 13 inch ,laptop-13-inch,101832
387,MacBook Air,macbook-air,101832
2511,Macbook M4,m4-series,101832
2,Root,default-category,84109
3,Điện thoại,mobile,84109
35,Samsung,samsung,84109
475,Galaxy S,galaxy-s,84109
2420,Galaxy S25 Series,s25-series,84109
2,Root,default-category,84110
3,Điện thoại,mobile,84110
35,Samsung,samsung,84110
475,Galaxy S,galaxy-s,84110
2420,Galaxy S25 Series,s25-series,84110
2,Root,default-category,67372
4,Máy tính bảng,tablet,67372
980,Xiaomi,xiaomi,67372
2,Root,default-category,93958
380,Laptop,laptop,93958
5,Mac,mac,93958
874,Mac mini,mini,93958
4,Máy tính bảng,tablet,69906
138,Samsung,samsung,69906
3,Điện thoại,mobile,43152
132,Apple,apple,43152
1131,Điện thoại gaming,dien-thoai-gaming,43152
1603,Điện thoại cấu hình cao,dien-thoai-cau-hinh-cao,43152
1605,Điện thoại chụp ảnh/quay phim đẹp,dien-thoai-chup-anh-quay-phim,43152
2221,Điện thoại AI,ai,43152
2240,Chuẩn NFC,nfc,43152
1392,iPhone 15 Series,iphone-15,43152
3,Điện thoại,mobile,58612
133,OPPO,oppo,58612
1131,Điện thoại gaming,dien-thoai-gaming,58612
1601,Điện thoại pin trâu,dien-thoai-pin-trau,58612
1602,Điện thoại dung lượng lớn,dien-thoai-dung-luong-lon,58612
1603,Điện thoại cấu hình cao,dien-thoai-cau-hinh-cao,58612
1605,Điện thoại chụp ảnh/quay phim đẹp,dien-thoai-chup-anh-quay-phim,58612
2240,Chuẩn NFC,nfc,58612
1111,Reno Series,reno-series,58612
380,Laptop,laptop,28229
5,Mac,mac,28229
387,MacBook Air,macbook-air,28229
2226,Macbook M1,m1-series,28229
2,Root,default-category,93647
4,Máy tính bảng,tablet,93647
2263,Teclast,teclast,93647
2,Root,default-category,94083
380,Laptop,laptop,94083
5,Mac,mac,94083
1055,Laptop đồ họa,do-hoa,94083
1056,Laptop mỏng nhẹ,mong-nhe,94083
1217,Laptop Văn phòng,van-phong,94083
1433,Laptop 14 inch,laptop-14-inch,94083
23,MacBook Pro,macbook-pro,94083
2401,Macbook Pro 2024,macbook-pro-2024,94083
2,Root,default-category,67372
4,Máy tính bảng,tablet,67372
980,Xiaomi,xiaomi,67372
2,Root,default-category,85242
3,Điện thoại,mobile,85242
340,Xiaomi,xiaomi,85242
1131,Điện thoại gaming,dien-thoai-gaming,85242
1601,Điện thoại pin trâu,dien-thoai-pin-trau,85242
1605,Điện thoại chụp ảnh/quay phim đẹp,dien-thoai-chup-anh-quay-phim,85242
2221,Điện thoại AI,ai,85242
2240,Chuẩn NFC,nfc,85242
1017,Redmi,redmi,85242
2434,Note 14 series,note-14-series,85242
2,Root,default-category,84110
3,Điện thoại,mobile,84110
35,Samsung,samsung,84110
475,Galaxy S,galaxy-s,84110
2420,Galaxy S25 Series,s25-series,84110
2,Root,default-category,101603
4,Máy tính bảng,tablet,101603
279,iPad Air,ipad-air,101603
944,iPad,ipad,101603
2509,iPad Air M3,ipad-air-m3,101603
2,Root,default-category,94091
380,Laptop,laptop,94091
5,Mac,mac,94091
1055,Laptop đồ họa,do-hoa,94091
1056,Laptop mỏng nhẹ,mong-nhe,94091
1217,Laptop Văn phòng,van-phong,94091
1433,Laptop 14 inch,laptop-14-inch,94091
23,MacBook Pro,macbook-pro,94091
2401,Macbook Pro 2024,macbook-pro-2024,94091
380,Laptop,laptop,101839
5,Mac,mac,101839
1055,Laptop đồ họa,do-hoa,101839
1056,Laptop mỏng nhẹ,mong-nhe,101839
1217,Laptop Văn phòng,van-phong,101839
1432,Laptop 13 inch ,laptop-13-inch,101839
387,MacBook Air,macbook-air,101839
2511,Macbook M4,m4-series,101839
2,Root,default-category,93647
4,Máy tính bảng,tablet,93647
2263,Teclast,teclast,93647
3,Điện thoại,mobile,43152
132,Apple,apple,43152
1131,Điện thoại gaming,dien-thoai-gaming,43152
1603,Điện thoại cấu hình cao,dien-thoai-cau-hinh-cao,43152
1605,Điện thoại chụp ảnh/quay phim đẹp,dien-thoai-chup-anh-quay-phim,43152
2221,Điện thoại AI,ai,43152
2240,Chuẩn NFC,nfc,43152
1392,iPhone 15 Series,iphone-15,43152
3,Điện thoại,mobile,88453
340,Xiaomi,xiaomi,88453
1605,Điện thoại chụp ảnh/quay phim đẹp,dien-thoai-chup-anh-quay-phim,88453
2221,Điện thoại AI,ai,88453
2499,Xiaomi 15 Series,15-series,88453
2,Root,default-category,76443
3,Điện thoại,mobile,76443
340,Xiaomi,xiaomi,76443
1131,Điện thoại gaming,dien-thoai-gaming,76443
1601,Điện thoại pin trâu,dien-thoai-pin-trau,76443
1602,Điện thoại dung lượng lớn,dien-thoai-dung-luong-lon,76443
1603,Điện thoại cấu hình cao,dien-thoai-cau-hinh-cao,76443
1605,Điện thoại chụp ảnh/quay phim đẹp,dien-thoai-chup-anh-quay-phim,76443
2221,Điện thoại AI,ai,76443
2240,Chuẩn NFC,nfc,76443
1882,Xiaomi 14 Series,14-series,76443
2,Root,default-category,97704
4,Máy tính bảng,tablet,97704
980,Xiaomi,xiaomi,97704
2,Root,default-category,93958
380,Laptop,laptop,93958
5,Mac,mac,93958
874,Mac mini,mini,93958
380,Laptop,laptop,104395
5,Mac,mac,104395
1055,Laptop đồ họa,do-hoa,104395
1056,Laptop mỏng nhẹ,mong-nhe,104395
1217,Laptop Văn phòng,van-phong,104395
1432,Laptop 13 inch ,laptop-13-inch,104395
387,MacBook Air,macbook-air,104395
2511,Macbook M4,m4-series,104395
2,Root,default-category,59294
3,Điện thoại,mobile,59294
35,Samsung,samsung,59294
1131,Điện thoại gaming,dien-thoai-gaming,59294
1601,Điện thoại pin trâu,dien-thoai-pin-trau,59294
1602,Điện thoại dung lượng lớn,dien-thoai-dung-luong-lon,59294
1603,Điện thoại cấu hình cao,dien-thoai-cau-hinh-cao,59294
1605,Điện thoại chụp ảnh/quay phim đẹp,dien-thoai-chup-anh-quay-phim,59294
2221,Điện thoại AI,ai,59294
2240,Chuẩn NFC,nfc,59294
475,Galaxy S,galaxy-s,59294
1833,Galaxy S24 Series,s24-series,59294
2,Root,default-category,101603
4,Máy tính bảng,tablet,101603
279,iPad Air,ipad-air,101603
944,iPad,ipad,101603
2509,iPad Air M3,ipad-air-m3,101603
2,Root,default-category,85242
3,Điện thoại,mobile,85242
340,Xiaomi,xiaomi,85242
1131,Điện thoại gaming,dien-thoai-gaming,85242
1601,Điện thoại pin trâu,dien-thoai-pin-trau,85242
1605,Điện thoại chụp ảnh/quay phim đẹp,dien-thoai-chup-anh-quay-phim,85242
2221,Điện thoại AI,ai,85242
2240,Chuẩn NFC,nfc,85242
1017,Redmi,redmi,85242
2434,Note 14 series,note-14-series,85242
2,Root,default-category,96195
380,Laptop,laptop,96195
5,Mac,mac,96195
1055,Laptop đồ họa,do-hoa,96195
1056,Laptop mỏng nhẹ,mong-nhe,96195
1217,Laptop Văn phòng,van-phong,96195
1433,Laptop 14 inch,laptop-14-inch,96195
23,MacBook Pro,macbook-pro,96195
2401,Macbook Pro 2024,macbook-pro-2024,96195
3,Điện thoại,mobile,88453
340,Xiaomi,xiaomi,88453
1605,Điện thoại chụp ảnh/quay phim đẹp,dien-thoai-chup-anh-quay-phim,88453
2221,Điện thoại AI,ai,88453
2499,Xiaomi 15 Series,15-series,88453
2,Root,default-category,94083
380,Laptop,laptop,94083
5,Mac,mac,94083
1055,Laptop đồ họa,do-hoa,94083
1056,Laptop mỏng nhẹ,mong-nhe,94083
1217,Laptop Văn phòng,van-phong,94083
1433,Laptop 14 inch,laptop-14-inch,94083
23,MacBook Pro,macbook-pro,94083
2401,Macbook Pro 2024,macbook-pro-2024,94083
4,Máy tính bảng,tablet,45060
275,iPad mini,ipad-mini,45060
944,iPad,ipad,45060
2371,iPad mini 7,ipad-mini-2024,45060
2,Root,default-category,100854
3,Điện thoại,mobile,100854
925,Nubia,nubia,100854
2,Root,default-category,93960
380,Laptop,laptop,93960
5,Mac,mac,93960
874,Mac mini,mini,93960
2,Root,default-category,97704
4,Máy tính bảng,tablet,97704
980,Xiaomi,xiaomi,97704
2,Root,default-category,66253
4,Máy tính bảng,tablet,66253
138,Samsung,samsung,66253
1752,Tab S9 series,samsung-galaxy-tab-s9-series,66253
2,Root,default-category,76443
3,Điện thoại,mobile,76443
340,Xiaomi,xiaomi,76443
1131,Điện thoại gaming,dien-thoai-gaming,76443
1601,Điện thoại pin trâu,dien-thoai-pin-trau,76443
1602,Điện thoại dung lượng lớn,dien-thoai-dung-luong-lon,76443
1603,Điện thoại cấu hình cao,dien-thoai-cau-hinh-cao,76443
1605,Điện thoại chụp ảnh/quay phim đẹp,dien-thoai-chup-anh-quay-phim,76443
2221,Điện thoại AI,ai,76443
2240,Chuẩn NFC,nfc,76443
1882,Xiaomi 14 Series,14-series,76443
2,Root,default-category,93962
380,Laptop,laptop,93962
5,Mac,mac,93962
874,Mac mini,mini,93962
4,Máy tính bảng,tablet,45060
275,iPad mini,ipad-mini,45060
944,iPad,ipad,45060
2371,iPad mini 7,ipad-mini-2024,45060
2,Root,default-category,94091
380,Laptop,laptop,94091
5,Mac,mac,94091
1055,Laptop đồ họa,do-hoa,94091
1056,Laptop mỏng nhẹ,mong-nhe,94091
1217,Laptop Văn phòng,van-phong,94091
1433,Laptop 14 inch,laptop-14-inch,94091
23,MacBook Pro,macbook-pro,94091
2401,Macbook Pro 2024,macbook-pro-2024,94091
3,Điện thoại,mobile,43151
132,Apple,apple,43151
1131,Điện thoại gaming,dien-thoai-gaming,43151
1602,Điện thoại dung lượng lớn,dien-thoai-dung-luong-lon,43151
1603,Điện thoại cấu hình cao,dien-thoai-cau-hinh-cao,43151
1605,Điện thoại chụp ảnh/quay phim đẹp,dien-thoai-chup-anh-quay-phim,43151
2221,Điện thoại AI,ai,43151
2240,Chuẩn NFC,nfc,43151
1392,iPhone 15 Series,iphone-15,43151
2,Root,default-category,94090
380,Laptop,laptop,94090
5,Mac,mac,94090
1055,Laptop đồ họa,do-hoa,94090
1056,Laptop mỏng nhẹ,mong-nhe,94090
1217,Laptop Văn phòng,van-phong,94090
1433,Laptop 14 inch,laptop-14-inch,94090
23,MacBook Pro,macbook-pro,94090
2401,Macbook Pro 2024,macbook-pro-2024,94090
2,Root,default-category,66253
4,Máy tính bảng,tablet,66253
138,Samsung,samsung,66253
1752,Tab S9 series,samsung-galaxy-tab-s9-series,66253
2,Root,default-category,65139
4,Máy tính bảng,tablet,65139
138,Samsung,samsung,65139
1752,Tab S9 series,samsung-galaxy-tab-s9-series,65139
2,Root,default-category,59294
3,Điện thoại,mobile,59294
35,Samsung,samsung,59294
1131,Điện thoại gaming,dien-thoai-gaming,59294
1601,Điện thoại pin trâu,dien-thoai-pin-trau,59294
1602,Điện thoại dung lượng lớn,dien-thoai-dung-luong-lon,59294
1603,Điện thoại cấu hình cao,dien-thoai-cau-hinh-cao,59294
1605,Điện thoại chụp ảnh/quay phim đẹp,dien-thoai-chup-anh-quay-phim,59294
2221,Điện thoại AI,ai,59294
2240,Chuẩn NFC,nfc,59294
475,Galaxy S,galaxy-s,59294
1833,Galaxy S24 Series,s24-series,59294
380,Laptop,laptop,104395
5,Mac,mac,104395
1055,Laptop đồ họa,do-hoa,104395
1056,Laptop mỏng nhẹ,mong-nhe,104395
1217,Laptop Văn phòng,van-phong,104395
1432,Laptop 13 inch ,laptop-13-inch,104395
387,MacBook Air,macbook-air,104395
2511,Macbook M4,m4-series,104395
3,Điện thoại,mobile,65920
35,Samsung,samsung,65920
1131,Điện thoại gaming,dien-thoai-gaming,65920
1602,Điện thoại dung lượng lớn,dien-thoai-dung-luong-lon,65920
1603,Điện thoại cấu hình cao,dien-thoai-cau-hinh-cao,65920
1605,Điện thoại chụp ảnh/quay phim đẹp,dien-thoai-chup-anh-quay-phim,65920
2221,Điện thoại AI,ai,65920
2240,Chuẩn NFC,nfc,65920
971,Galaxy Z,galaxy-z,65920
2204,Z6 Series,z6-series,65920
2,Root,default-category,101626
4,Máy tính bảng,tablet,101626
944,iPad,ipad,101626
2222,Máy tính bảng AI,ai,101626
2510,iPad A16,ipad-a16,101626
2,Root,default-category,96195
380,Laptop,laptop,96195
5,Mac,mac,96195
1055,Laptop đồ họa,do-hoa,96195
1056,Laptop mỏng nhẹ,mong-nhe,96195
1217,Laptop Văn phòng,van-phong,96195
1433,Laptop 14 inch,laptop-14-inch,96195
23,MacBook Pro,macbook-pro,96195
2401,Macbook Pro 2024,macbook-pro-2024,96195
3,Điện thoại,mobile,36242
132,Apple,apple,36242
1131,Điện thoại gaming,dien-thoai-gaming,36242
1603,Điện thoại cấu hình cao,dien-thoai-cau-hinh-cao,36242
1605,Điện thoại chụp ảnh/quay phim đẹp,dien-thoai-chup-anh-quay-phim,36242
2221,Điện thoại AI,ai,36242
2240,Chuẩn NFC,nfc,36242
927,iPhone 13 Series,iphone-13,36242
2,Root,default-category,65139
4,Máy tính bảng,tablet,65139
138,Samsung,samsung,65139
1752,Tab S9 series,samsung-galaxy-tab-s9-series,65139
2,Root,default-category,100854
3,Điện thoại,mobile,100854
925,Nubia,nubia,100854
2,Root,default-category,84925
4,Máy tính bảng,tablet,84925
252,Huawei,huawei,84925
2,Root,default-category,101626
4,Máy tính bảng,tablet,101626
944,iPad,ipad,101626
2222,Máy tính bảng AI,ai,101626
2510,iPad A16,ipad-a16,101626
2,Root,default-category,88519
4,Máy tính bảng,tablet,88519
980,Xiaomi,xiaomi,88519
2,Root,default-category,59257
3,Điện thoại,mobile,59257
132,Apple,apple,59257
1131,Điện thoại gaming,dien-thoai-gaming,59257
1603,Điện thoại cấu hình cao,dien-thoai-cau-hinh-cao,59257
1605,Điện thoại chụp ảnh/quay phim đẹp,dien-thoai-chup-anh-quay-phim,59257
2221,Điện thoại AI,ai,59257
2240,Chuẩn NFC,nfc,59257
2305,iPhone 16 Series,iphone-16,59257
2,Root,default-category,93960
380,Laptop,laptop,93960
5,Mac,mac,93960
874,Mac mini,mini,93960
3,Điện thoại,mobile,43151
132,Apple,apple,43151
1131,Điện thoại gaming,dien-thoai-gaming,43151
1602,Điện thoại dung lượng lớn,dien-thoai-dung-luong-lon,43151
1603,Điện thoại cấu hình cao,dien-thoai-cau-hinh-cao,43151
1605,Điện thoại chụp ảnh/quay phim đẹp,dien-thoai-chup-anh-quay-phim,43151
2221,Điện thoại AI,ai,43151
2240,Chuẩn NFC,nfc,43151
1392,iPhone 15 Series,iphone-15,43151
2,Root,default-category,59254
3,Điện thoại,mobile,59254
132,Apple,apple,59254
1131,Điện thoại gaming,dien-thoai-gaming,59254
1603,Điện thoại cấu hình cao,dien-thoai-cau-hinh-cao,59254
1605,Điện thoại chụp ảnh/quay phim đẹp,dien-thoai-chup-anh-quay-phim,59254
2221,Điện thoại AI,ai,59254
2240,Chuẩn NFC,nfc,59254
2305,iPhone 16 Series,iphone-16,59254
2,Root,default-category,93962
380,Laptop,laptop,93962
5,Mac,mac,93962
874,Mac mini,mini,93962
2,Root,default-category,80611
4,Máy tính bảng,tablet,80611
252,Huawei,huawei,80611
2,Root,default-category,84925
4,Máy tính bảng,tablet,84925
252,Huawei,huawei,84925
3,Điện thoại,mobile,65920
35,Samsung,samsung,65920
1131,Điện thoại gaming,dien-thoai-gaming,65920
1602,Điện thoại dung lượng lớn,dien-thoai-dung-luong-lon,65920
1603,Điện thoại cấu hình cao,dien-thoai-cau-hinh-cao,65920
1605,Điện thoại chụp ảnh/quay phim đẹp,dien-thoai-chup-anh-quay-phim,65920
2221,Điện thoại AI,ai,65920
2240,Chuẩn NFC,nfc,65920
971,Galaxy Z,galaxy-z,65920
2204,Z6 Series,z6-series,65920
3,Điện thoại,mobile,36242
132,Apple,apple,36242
1131,Điện thoại gaming,dien-thoai-gaming,36242
1603,Điện thoại cấu hình cao,dien-thoai-cau-hinh-cao,36242
1605,Điện thoại chụp ảnh/quay phim đẹp,dien-thoai-chup-anh-quay-phim,36242
2221,Điện thoại AI,ai,36242
2240,Chuẩn NFC,nfc,36242
927,iPhone 13 Series,iphone-13,36242
2,Root,default-category,99364
3,Điện thoại,mobile,99364
340,Xiaomi,xiaomi,99364
587,POCO,pocophone,99364
1131,Điện thoại gaming,dien-thoai-gaming,99364
1601,Điện thoại pin trâu,dien-thoai-pin-trau,99364
1602,Điện thoại dung lượng lớn,dien-thoai-dung-luong-lon,99364
1603,Điện thoại cấu hình cao,dien-thoai-cau-hinh-cao,99364
1605,Điện thoại chụp ảnh/quay phim đẹp,dien-thoai-chup-anh-quay-phim,99364
2221,Điện thoại AI,ai,99364
2240,Chuẩn NFC,nfc,99364
2,Root,default-category,86838
4,Máy tính bảng,tablet,86838
252,Huawei,huawei,86838
2,Root,default-category,94090
380,Laptop,laptop,94090
5,Mac,mac,94090
1055,Laptop đồ họa,do-hoa,94090
1056,Laptop mỏng nhẹ,mong-nhe,94090
1217,Laptop Văn phòng,van-phong,94090
1433,Laptop 14 inch,laptop-14-inch,94090
23,MacBook Pro,macbook-pro,94090
2401,Macbook Pro 2024,macbook-pro-2024,94090
2,Root,default-category,88519
4,Máy tính bảng,tablet,88519
980,Xiaomi,xiaomi,88519
2,Root,default-category,59257
3,Điện thoại,mobile,59257
132,Apple,apple,59257
1131,Điện thoại gaming,dien-thoai-gaming,59257
1603,Điện thoại cấu hình cao,dien-thoai-cau-hinh-cao,59257
1605,Điện thoại chụp ảnh/quay phim đẹp,dien-thoai-chup-anh-quay-phim,59257
2221,Điện thoại AI,ai,59257
2240,Chuẩn NFC,nfc,59257
2305,iPhone 16 Series,iphone-16,59257
3,Điện thoại,mobile,100812
132,Apple,apple,100812
2305,iPhone 16 Series,iphone-16,100812
2,Root,default-category,101612
4,Máy tính bảng,tablet,101612
279,iPad Air,ipad-air,101612
944,iPad,ipad,101612
2509,iPad Air M3,ipad-air-m3,101612
2,Root,default-category,99768
3,Điện thoại,mobile,99768
35,Samsung,samsung,99768
478,Galaxy A,galaxy-a,99768
2,Root,default-category,59254
3,Điện thoại,mobile,59254
132,Apple,apple,59254
1131,Điện thoại gaming,dien-thoai-gaming,59254
1603,Điện thoại cấu hình cao,dien-thoai-cau-hinh-cao,59254
1605,Điện thoại chụp ảnh/quay phim đẹp,dien-thoai-chup-anh-quay-phim,59254
2221,Điện thoại AI,ai,59254
2240,Chuẩn NFC,nfc,59254
2305,iPhone 16 Series,iphone-16,59254
2,Root,default-category,80611
4,Máy tính bảng,tablet,80611
252,Huawei,huawei,80611
2,Root,default-category,99364
3,Điện thoại,mobile,99364
340,Xiaomi,xiaomi,99364
587,POCO,pocophone,99364
1131,Điện thoại gaming,dien-thoai-gaming,99364
1601,Điện thoại pin trâu,dien-thoai-pin-trau,99364
1602,Điện thoại dung lượng lớn,dien-thoai-dung-luong-lon,99364
1603,Điện thoại cấu hình cao,dien-thoai-cau-hinh-cao,99364
1605,Điện thoại chụp ảnh/quay phim đẹp,dien-thoai-chup-anh-quay-phim,99364
2221,Điện thoại AI,ai,99364
2240,Chuẩn NFC,nfc,99364
2,Root,default-category,86838
4,Máy tính bảng,tablet,86838
252,Huawei,huawei,86838
2,Root,default-category,93648
4,Máy tính bảng,tablet,93648
2263,Teclast,teclast,93648
2,Root,default-category,76439
3,Điện thoại,mobile,76439
340,Xiaomi,xiaomi,76439
1131,Điện thoại gaming,dien-thoai-gaming,76439
1601,Điện thoại pin trâu,dien-thoai-pin-trau,76439
1602,Điện thoại dung lượng lớn,dien-thoai-dung-luong-lon,76439
1603,Điện thoại cấu hình cao,dien-thoai-cau-hinh-cao,76439
1605,Điện thoại chụp ảnh/quay phim đẹp,dien-thoai-chup-anh-quay-phim,76439
2240,Chuẩn NFC,nfc,76439
1882,Xiaomi 14 Series,14-series,76439
2,Root,default-category,104324
4,Máy tính bảng,tablet,104324
138,Samsung,samsung,104324
2357,Tab S10 Series,samsung-galaxy-tab-s10-series,104324
2,Root,default-category,101612
4,Máy tính bảng,tablet,101612
279,iPad Air,ipad-air,101612
944,iPad,ipad,101612
2509,iPad Air M3,ipad-air-m3,101612
3,Điện thoại,mobile,100812
132,Apple,apple,100812
2305,iPhone 16 Series,iphone-16,100812
2,Root,default-category,101624
4,Máy tính bảng,tablet,101624
944,iPad,ipad,101624
2222,Máy tính bảng AI,ai,101624
2510,iPad A16,ipad-a16,101624
2,Root,default-category,93648
4,Máy tính bảng,tablet,93648
2263,Teclast,teclast,93648
2,Root,default-category,31495
3,Điện thoại,mobile,31495
132,Apple,apple,31495
1131,Điện thoại gaming,dien-thoai-gaming,31495
1603,Điện thoại cấu hình cao,dien-thoai-cau-hinh-cao,31495
1605,Điện thoại chụp ảnh/quay phim đẹp,dien-thoai-chup-anh-quay-phim,31495
2221,Điện thoại AI,ai,31495
2240,Chuẩn NFC,nfc,31495
981,iPhone 14 Series,iphone-14,31495
2,Root,default-category,88342
4,Máy tính bảng,tablet,88342
138,Samsung,samsung,88342
2222,Máy tính bảng AI,ai,88342
2357,Tab S10 Series,samsung-galaxy-tab-s10-series,88342
2,Root,default-category,99768
3,Điện thoại,mobile,99768
35,Samsung,samsung,99768
478,Galaxy A,galaxy-a,99768
2,Root,default-category,104324
4,Máy tính bảng,tablet,104324
138,Samsung,samsung,104324
2357,Tab S10 Series,samsung-galaxy-tab-s10-series,104324
4,Máy tính bảng,tablet,92982
275,iPad mini,ipad-mini,92982
944,iPad,ipad,92982
2371,iPad mini 7,ipad-mini-2024,92982
2,Root,default-category,99767
3,Điện thoại,mobile,99767
35,Samsung,samsung,99767
478,Galaxy A,galaxy-a,99767
2,Root,default-category,76439
3,Điện thoại,mobile,76439
340,Xiaomi,xiaomi,76439
1131,Điện thoại gaming,dien-thoai-gaming,76439
1601,Điện thoại pin trâu,dien-thoai-pin-trau,76439
1602,Điện thoại dung lượng lớn,dien-thoai-dung-luong-lon,76439
1603,Điện thoại cấu hình cao,dien-thoai-cau-hinh-cao,76439
1605,Điện thoại chụp ảnh/quay phim đẹp,dien-thoai-chup-anh-quay-phim,76439
2240,Chuẩn NFC,nfc,76439
1882,Xiaomi 14 Series,14-series,76439
2,Root,default-category,101624
4,Máy tính bảng,tablet,101624
944,iPad,ipad,101624
2222,Máy tính bảng AI,ai,101624
2510,iPad A16,ipad-a16,101624
2,Root,default-category,91088
4,Máy tính bảng,tablet,91088
980,Xiaomi,xiaomi,91088
2,Root,default-category,101116
3,Điện thoại,mobile,101116
35,Samsung,samsung,101116
1131,Điện thoại gaming,dien-thoai-gaming,101116
1601,Điện thoại pin trâu,dien-thoai-pin-trau,101116
1602,Điện thoại dung lượng lớn,dien-thoai-dung-luong-lon,101116
1605,Điện thoại chụp ảnh/quay phim đẹp,dien-thoai-chup-anh-quay-phim,101116
2240,Chuẩn NFC,nfc,101116
882,Galaxy M,galaxy-m,101116
2,Root,default-category,81803
4,Máy tính bảng,tablet,81803
279,iPad Air,ipad-air,81803
944,iPad,ipad,81803
2222,Máy tính bảng AI,ai,81803
2184,iPad Air 6 M2 2024,ipad-air-2024,81803
2,Root,default-category,59255
3,Điện thoại,mobile,59255
132,Apple,apple,59255
1131,Điện thoại gaming,dien-thoai-gaming,59255
1601,Điện thoại pin trâu,dien-thoai-pin-trau,59255
1603,Điện thoại cấu hình cao,dien-thoai-cau-hinh-cao,59255
1605,Điện thoại chụp ảnh/quay phim đẹp,dien-thoai-chup-anh-quay-phim,59255
2221,Điện thoại AI,ai,59255
2240,Chuẩn NFC,nfc,59255
2305,iPhone 16 Series,iphone-16,59255
2,Root,default-category,88342
4,Máy tính bảng,tablet,88342
138,Samsung,samsung,88342
2222,Máy tính bảng AI,ai,88342
2357,Tab S10 Series,samsung-galaxy-tab-s10-series,88342
2,Root,default-category,31495
3,Điện thoại,mobile,31495
132,Apple,apple,31495
1131,Điện thoại gaming,dien-thoai-gaming,31495
1603,Điện thoại cấu hình cao,dien-thoai-cau-hinh-cao,31495
1605,Điện thoại chụp ảnh/quay phim đẹp,dien-thoai-chup-anh-quay-phim,31495
2221,Điện thoại AI,ai,31495
2240,Chuẩn NFC,nfc,31495
981,iPhone 14 Series,iphone-14,31495
2,Root,default-category,79329
4,Máy tính bảng,tablet,79329
932,Lenovo,lenovo,79329
3,Điện thoại,mobile,67006
132,Apple,apple,67006
1131,Điện thoại gaming,dien-thoai-gaming,67006
1601,Điện thoại pin trâu,dien-thoai-pin-trau,67006
1603,Điện thoại cấu hình cao,dien-thoai-cau-hinh-cao,67006
1605,Điện thoại chụp ảnh/quay phim đẹp,dien-thoai-chup-anh-quay-phim,67006
2221,Điện thoại AI,ai,67006
2240,Chuẩn NFC,nfc,67006
1392,iPhone 15 Series,iphone-15,67006
3,Điện thoại,mobile,87242
925,Nubia,nubia,87242
1601,Điện thoại pin trâu,dien-thoai-pin-trau,87242
4,Máy tính bảng,tablet,92982
275,iPad mini,ipad-mini,92982
944,iPad,ipad,92982
2371,iPad mini 7,ipad-mini-2024,92982
2,Root,default-category,99767
3,Điện thoại,mobile,99767
35,Samsung,samsung,99767
478,Galaxy A,galaxy-a,99767
2,Root,default-category,85477
4,Máy tính bảng,tablet,85477
2263,Teclast,teclast,85477
2,Root,default-category,101116
3,Điện thoại,mobile,101116
35,Samsung,samsung,101116
1131,Điện thoại gaming,dien-thoai-gaming,101116
1601,Điện thoại pin trâu,dien-thoai-pin-trau,101116
1602,Điện thoại dung lượng lớn,dien-thoai-dung-luong-lon,101116
1605,Điện thoại chụp ảnh/quay phim đẹp,dien-thoai-chup-anh-quay-phim,101116
2240,Chuẩn NFC,nfc,101116
882,Galaxy M,galaxy-m,101116
2,Root,default-category,88343
4,Máy tính bảng,tablet,88343
138,Samsung,samsung,88343
2222,Máy tính bảng AI,ai,88343
2357,Tab S10 Series,samsung-galaxy-tab-s10-series,88343
2,Root,default-category,90116
3,Điện thoại,mobile,90116
132,Apple,apple,90116
1131,Điện thoại gaming,dien-thoai-gaming,90116
1601,Điện thoại pin trâu,dien-thoai-pin-trau,90116
1602,Điện thoại dung lượng lớn,dien-thoai-dung-luong-lon,90116
1603,Điện thoại cấu hình cao,dien-thoai-cau-hinh-cao,90116
1605,Điện thoại chụp ảnh/quay phim đẹp,dien-thoai-chup-anh-quay-phim,90116
2221,Điện thoại AI,ai,90116
2240,Chuẩn NFC,nfc,90116
2305,iPhone 16 Series,iphone-16,90116
2,Root,default-category,91088
4,Máy tính bảng,tablet,91088
980,Xiaomi,xiaomi,91088
2,Root,default-category,100192
4,Máy tính bảng,tablet,100192
932,Lenovo,lenovo,100192
2,Root,default-category,59255
3,Điện thoại,mobile,59255
132,Apple,apple,59255
1131,Điện thoại gaming,dien-thoai-gaming,59255
1601,Điện thoại pin trâu,dien-thoai-pin-trau,59255
1603,Điện thoại cấu hình cao,dien-thoai-cau-hinh-cao,59255
1605,Điện thoại chụp ảnh/quay phim đẹp,dien-thoai-chup-anh-quay-phim,59255
2221,Điện thoại AI,ai,59255
2240,Chuẩn NFC,nfc,59255
2305,iPhone 16 Series,iphone-16,59255
3,Điện thoại,mobile,92993
1131,Điện thoại gaming,dien-thoai-gaming,92993
1601,Điện thoại pin trâu,dien-thoai-pin-trau,92993
1605,Điện thoại chụp ảnh/quay phim đẹp,dien-thoai-chup-anh-quay-phim,92993
1642,Nothing Phone,nothing-phone,92993
2240,Chuẩn NFC,nfc,92993
2,Root,default-category,81803
4,Máy tính bảng,tablet,81803
279,iPad Air,ipad-air,81803
944,iPad,ipad,81803
2222,Máy tính bảng AI,ai,81803
2184,iPad Air 6 M2 2024,ipad-air-2024,81803
2,Root,default-category,101623
4,Máy tính bảng,tablet,101623
279,iPad Air,ipad-air,101623
944,iPad,ipad,101623
2509,iPad Air M3,ipad-air-m3,101623
3,Điện thoại,mobile,67006
132,Apple,apple,67006
1131,Điện thoại gaming,dien-thoai-gaming,67006
1601,Điện thoại pin trâu,dien-thoai-pin-trau,67006
1603,Điện thoại cấu hình cao,dien-thoai-cau-hinh-cao,67006
1605,Điện thoại chụp ảnh/quay phim đẹp,dien-thoai-chup-anh-quay-phim,67006
2221,Điện thoại AI,ai,67006
2240,Chuẩn NFC,nfc,67006
1392,iPhone 15 Series,iphone-15,67006
2,Root,default-category,89477
4,Máy tính bảng,tablet,89477
2263,Teclast,teclast,89477
2,Root,default-category,90118
3,Điện thoại,mobile,90118
132,Apple,apple,90118
1131,Điện thoại gaming,dien-thoai-gaming,90118
1602,Điện thoại dung lượng lớn,dien-thoai-dung-luong-lon,90118
1603,Điện thoại cấu hình cao,dien-thoai-cau-hinh-cao,90118
1605,Điện thoại chụp ảnh/quay phim đẹp,dien-thoai-chup-anh-quay-phim,90118
2221,Điện thoại AI,ai,90118
2240,Chuẩn NFC,nfc,90118
2305,iPhone 16 Series,iphone-16,90118
2,Root,default-category,79329
4,Máy tính bảng,tablet,79329
932,Lenovo,lenovo,79329
3,Điện thoại,mobile,87242
925,Nubia,nubia,87242
1601,Điện thoại pin trâu,dien-thoai-pin-trau,87242
2,Root,default-category,100044
4,Máy tính bảng,tablet,100044
913,Máy đọc sách ,may-doc-sach,100044
978,Kindle,kindle,100044
914,Kindle,kindle,100044
2,Root,default-category,90116
3,Điện thoại,mobile,90116
132,Apple,apple,90116
1131,Điện thoại gaming,dien-thoai-gaming,90116
1601,Điện thoại pin trâu,dien-thoai-pin-trau,90116
1602,Điện thoại dung lượng lớn,dien-thoai-dung-luong-lon,90116
1603,Điện thoại cấu hình cao,dien-thoai-cau-hinh-cao,90116
1605,Điện thoại chụp ảnh/quay phim đẹp,dien-thoai-chup-anh-quay-phim,90116
2221,Điện thoại AI,ai,90116
2240,Chuẩn NFC,nfc,90116
2305,iPhone 16 Series,iphone-16,90116
3,Điện thoại,mobile,82062
340,Xiaomi,xiaomi,82062
1131,Điện thoại gaming,dien-thoai-gaming,82062
1601,Điện thoại pin trâu,dien-thoai-pin-trau,82062
2240,Chuẩn NFC,nfc,82062
2,Root,default-category,85477
4,Máy tính bảng,tablet,85477
2263,Teclast,teclast,85477
3,Điện thoại,mobile,92993
1131,Điện thoại gaming,dien-thoai-gaming,92993
1601,Điện thoại pin trâu,dien-thoai-pin-trau,92993
1605,Điện thoại chụp ảnh/quay phim đẹp,dien-thoai-chup-anh-quay-phim,92993
1642,Nothing Phone,nothing-phone,92993
2240,Chuẩn NFC,nfc,92993
2,Root,default-category,88563
3,Điện thoại,mobile,88563
35,Samsung,samsung,88563
1131,Điện thoại gaming,dien-thoai-gaming,88563
1601,Điện thoại pin trâu,dien-thoai-pin-trau,88563
1603,Điện thoại cấu hình cao,dien-thoai-cau-hinh-cao,88563
1605,Điện thoại chụp ảnh/quay phim đẹp,dien-thoai-chup-anh-quay-phim,88563
2240,Chuẩn NFC,nfc,88563
478,Galaxy A,galaxy-a,88563
2,Root,default-category,88343
4,Máy tính bảng,tablet,88343
138,Samsung,samsung,88343
2222,Máy tính bảng AI,ai,88343
2357,Tab S10 Series,samsung-galaxy-tab-s10-series,88343
2,Root,default-category,90118
3,Điện thoại,mobile,90118
132,Apple,apple,90118
1131,Điện thoại gaming,dien-thoai-gaming,90118
1602,Điện thoại dung lượng lớn,dien-thoai-dung-luong-lon,90118
1603,Điện thoại cấu hình cao,dien-thoai-cau-hinh-cao,90118
1605,Điện thoại chụp ảnh/quay phim đẹp,dien-thoai-chup-anh-quay-phim,90118
2221,Điện thoại AI,ai,90118
2240,Chuẩn NFC,nfc,90118
2305,iPhone 16 Series,iphone-16,90118
2,Root,default-category,91991
3,Điện thoại,mobile,91991
340,Xiaomi,xiaomi,91991
1131,Điện thoại gaming,dien-thoai-gaming,91991
1601,Điện thoại pin trâu,dien-thoai-pin-trau,91991
1602,Điện thoại dung lượng lớn,dien-thoai-dung-luong-lon,91991
1605,Điện thoại chụp ảnh/quay phim đẹp,dien-thoai-chup-anh-quay-phim,91991
2221,Điện thoại AI,ai,91991
2240,Chuẩn NFC,nfc,91991
1017,Redmi,redmi,91991
2434,Note 14 series,note-14-series,91991
2,Root,default-category,100192
4,Máy tính bảng,tablet,100192
932,Lenovo,lenovo,100192
3,Điện thoại,mobile,82062
340,Xiaomi,xiaomi,82062
1131,Điện thoại gaming,dien-thoai-gaming,82062
1601,Điện thoại pin trâu,dien-thoai-pin-trau,82062
2240,Chuẩn NFC,nfc,82062
2,Root,default-category,101623
4,Máy tính bảng,tablet,101623
279,iPad Air,ipad-air,101623
944,iPad,ipad,101623
2509,iPad Air M3,ipad-air-m3,101623
3,Điện thoại,mobile,68866
132,Apple,apple,68866
1131,Điện thoại gaming,dien-thoai-gaming,68866
1602,Điện thoại dung lượng lớn,dien-thoai-dung-luong-lon,68866
1603,Điện thoại cấu hình cao,dien-thoai-cau-hinh-cao,68866
1605,Điện thoại chụp ảnh/quay phim đẹp,dien-thoai-chup-anh-quay-phim,68866
2221,Điện thoại AI,ai,68866
2240,Chuẩn NFC,nfc,68866
1392,iPhone 15 Series,iphone-15,68866
2,Root,default-category,88563
3,Điện thoại,mobile,88563
35,Samsung,samsung,88563
1131,Điện thoại gaming,dien-thoai-gaming,88563
1601,Điện thoại pin trâu,dien-thoai-pin-trau,88563
1603,Điện thoại cấu hình cao,dien-thoai-cau-hinh-cao,88563
1605,Điện thoại chụp ảnh/quay phim đẹp,dien-thoai-chup-anh-quay-phim,88563
2240,Chuẩn NFC,nfc,88563
478,Galaxy A,galaxy-a,88563
2,Root,default-category,89477
4,Máy tính bảng,tablet,89477
2263,Teclast,teclast,89477
2,Root,default-category,99738
3,Điện thoại,mobile,99738
35,Samsung,samsung,99738
478,Galaxy A,galaxy-a,99738
2,Root,default-category,100044
4,Máy tính bảng,tablet,100044
913,Máy đọc sách ,may-doc-sach,100044
978,Kindle,kindle,100044
914,Kindle,kindle,100044
2,Root,default-category,91991
3,Điện thoại,mobile,91991
340,Xiaomi,xiaomi,91991
1131,Điện thoại gaming,dien-thoai-gaming,91991
1601,Điện thoại pin trâu,dien-thoai-pin-trau,91991
1602,Điện thoại dung lượng lớn,dien-thoai-dung-luong-lon,91991
1605,Điện thoại chụp ảnh/quay phim đẹp,dien-thoai-chup-anh-quay-phim,91991
2221,Điện thoại AI,ai,91991
2240,Chuẩn NFC,nfc,91991
1017,Redmi,redmi,91991
2434,Note 14 series,note-14-series,91991
3,Điện thoại,mobile,102428
340,Xiaomi,xiaomi,102428
1601,Điện thoại pin trâu,dien-thoai-pin-trau,102428
1602,Điện thoại dung lượng lớn,dien-thoai-dung-luong-lon,102428
1017,Redmi,redmi,102428
2434,Note 14 series,note-14-series,102428
3,Điện thoại,mobile,68866
132,Apple,apple,68866
1131,Điện thoại gaming,dien-thoai-gaming,68866
1602,Điện thoại dung lượng lớn,dien-thoai-dung-luong-lon,68866
1603,Điện thoại cấu hình cao,dien-thoai-cau-hinh-cao,68866
1605,Điện thoại chụp ảnh/quay phim đẹp,dien-thoai-chup-anh-quay-phim,68866
2221,Điện thoại AI,ai,68866
2240,Chuẩn NFC,nfc,68866
1392,iPhone 15 Series,iphone-15,68866
2,Root,default-category,99738
3,Điện thoại,mobile,99738
35,Samsung,samsung,99738
478,Galaxy A,galaxy-a,99738
2,Root,default-category,93817
3,Điện thoại,mobile,93817
1131,Điện thoại gaming,dien-thoai-gaming,93817
1601,Điện thoại pin trâu,dien-thoai-pin-trau,93817
1602,Điện thoại dung lượng lớn,dien-thoai-dung-luong-lon,93817
1605,Điện thoại chụp ảnh/quay phim đẹp,dien-thoai-chup-anh-quay-phim,93817
1642,Nothing Phone,nothing-phone,93817
2240,Chuẩn NFC,nfc,93817
3,Điện thoại,mobile,102428
340,Xiaomi,xiaomi,102428
1601,Điện thoại pin trâu,dien-thoai-pin-trau,102428
1602,Điện thoại dung lượng lớn,dien-thoai-dung-luong-lon,102428
1017,Redmi,redmi,102428
2434,Note 14 series,note-14-series,102428
2,Root,default-category,85280
3,Điện thoại,mobile,85280
133,OPPO,oppo,85280
1131,Điện thoại gaming,dien-thoai-gaming,85280
1601,Điện thoại pin trâu,dien-thoai-pin-trau,85280
1602,Điện thoại dung lượng lớn,dien-thoai-dung-luong-lon,85280
1603,Điện thoại cấu hình cao,dien-thoai-cau-hinh-cao,85280
1605,Điện thoại chụp ảnh/quay phim đẹp,dien-thoai-chup-anh-quay-phim,85280
2221,Điện thoại AI,ai,85280
2240,Chuẩn NFC,nfc,85280
1110,Find Series,find-x-series,85280
2,Root,default-category,93817
3,Điện thoại,mobile,93817
1131,Điện thoại gaming,dien-thoai-gaming,93817
1601,Điện thoại pin trâu,dien-thoai-pin-trau,93817
1602,Điện thoại dung lượng lớn,dien-thoai-dung-luong-lon,93817
1605,Điện thoại chụp ảnh/quay phim đẹp,dien-thoai-chup-anh-quay-phim,93817
1642,Nothing Phone,nothing-phone,93817
2240,Chuẩn NFC,nfc,93817
2,Root,default-category,90117
3,Điện thoại,mobile,90117
132,Apple,apple,90117
1131,Điện thoại gaming,dien-thoai-gaming,90117
1601,Điện thoại pin trâu,dien-thoai-pin-trau,90117
1602,Điện thoại dung lượng lớn,dien-thoai-dung-luong-lon,90117
1603,Điện thoại cấu hình cao,dien-thoai-cau-hinh-cao,90117
1605,Điện thoại chụp ảnh/quay phim đẹp,dien-thoai-chup-anh-quay-phim,90117
2221,Điện thoại AI,ai,90117
2240,Chuẩn NFC,nfc,90117
2305,iPhone 16 Series,iphone-16,90117
2,Root,default-category,85280
3,Điện thoại,mobile,85280
133,OPPO,oppo,85280
1131,Điện thoại gaming,dien-thoai-gaming,85280
1601,Điện thoại pin trâu,dien-thoai-pin-trau,85280
1602,Điện thoại dung lượng lớn,dien-thoai-dung-luong-lon,85280
1603,Điện thoại cấu hình cao,dien-thoai-cau-hinh-cao,85280
1605,Điện thoại chụp ảnh/quay phim đẹp,dien-thoai-chup-anh-quay-phim,85280
2221,Điện thoại AI,ai,85280
2240,Chuẩn NFC,nfc,85280
1110,Find Series,find-x-series,85280
2,Root,default-category,68859
3,Điện thoại,mobile,68859
132,Apple,apple,68859
1131,Điện thoại gaming,dien-thoai-gaming,68859
1601,Điện thoại pin trâu,dien-thoai-pin-trau,68859
1602,Điện thoại dung lượng lớn,dien-thoai-dung-luong-lon,68859
1603,Điện thoại cấu hình cao,dien-thoai-cau-hinh-cao,68859
1605,Điện thoại chụp ảnh/quay phim đẹp,dien-thoai-chup-anh-quay-phim,68859
2221,Điện thoại AI,ai,68859
2240,Chuẩn NFC,nfc,68859
1392,iPhone 15 Series,iphone-15,68859
2,Root,default-category,90117
3,Điện thoại,mobile,90117
132,Apple,apple,90117
1131,Điện thoại gaming,dien-thoai-gaming,90117
1601,Điện thoại pin trâu,dien-thoai-pin-trau,90117
1602,Điện thoại dung lượng lớn,dien-thoai-dung-luong-lon,90117
1603,Điện thoại cấu hình cao,dien-thoai-cau-hinh-cao,90117
1605,Điện thoại chụp ảnh/quay phim đẹp,dien-thoai-chup-anh-quay-phim,90117
2221,Điện thoại AI,ai,90117
2240,Chuẩn NFC,nfc,90117
2305,iPhone 16 Series,iphone-16,90117
3,Điện thoại,mobile,93788
1131,Điện thoại gaming,dien-thoai-gaming,93788
1601,Điện thoại pin trâu,dien-thoai-pin-trau,93788
1602,Điện thoại dung lượng lớn,dien-thoai-dung-luong-lon,93788
1605,Điện thoại chụp ảnh/quay phim đẹp,dien-thoai-chup-anh-quay-phim,93788
1642,Nothing Phone,nothing-phone,93788
2240,Chuẩn NFC,nfc,93788
2,Root,default-category,68859
3,Điện thoại,mobile,68859
132,Apple,apple,68859
1131,Điện thoại gaming,dien-thoai-gaming,68859
1601,Điện thoại pin trâu,dien-thoai-pin-trau,68859
1602,Điện thoại dung lượng lớn,dien-thoai-dung-luong-lon,68859
1603,Điện thoại cấu hình cao,dien-thoai-cau-hinh-cao,68859
1605,Điện thoại chụp ảnh/quay phim đẹp,dien-thoai-chup-anh-quay-phim,68859
2221,Điện thoại AI,ai,68859
2240,Chuẩn NFC,nfc,68859
1392,iPhone 15 Series,iphone-15,68859
2,Root,default-category,90114
3,Điện thoại,mobile,90114
132,Apple,apple,90114
1131,Điện thoại gaming,dien-thoai-gaming,90114
1601,Điện thoại pin trâu,dien-thoai-pin-trau,90114
1602,Điện thoại dung lượng lớn,dien-thoai-dung-luong-lon,90114
1603,Điện thoại cấu hình cao,dien-thoai-cau-hinh-cao,90114
1605,Điện thoại chụp ảnh/quay phim đẹp,dien-thoai-chup-anh-quay-phim,90114
2221,Điện thoại AI,ai,90114
2240,Chuẩn NFC,nfc,90114
2305,iPhone 16 Series,iphone-16,90114
3,Điện thoại,mobile,93788
1131,Điện thoại gaming,dien-thoai-gaming,93788
1601,Điện thoại pin trâu,dien-thoai-pin-trau,93788
1602,Điện thoại dung lượng lớn,dien-thoai-dung-luong-lon,93788
1605,Điện thoại chụp ảnh/quay phim đẹp,dien-thoai-chup-anh-quay-phim,93788
1642,Nothing Phone,nothing-phone,93788
2240,Chuẩn NFC,nfc,93788
2,Root,default-category,53193
3,Điện thoại,mobile,53193
35,Samsung,samsung,53193
1131,Điện thoại gaming,dien-thoai-gaming,53193
1601,Điện thoại pin trâu,dien-thoai-pin-trau,53193
1605,Điện thoại chụp ảnh/quay phim đẹp,dien-thoai-chup-anh-quay-phim,53193
2240,Chuẩn NFC,nfc,53193
478,Galaxy A,galaxy-a,53193
2,Root,default-category,90114
3,Điện thoại,mobile,90114
132,Apple,apple,90114
1131,Điện thoại gaming,dien-thoai-gaming,90114
1601,Điện thoại pin trâu,dien-thoai-pin-trau,90114
1602,Điện thoại dung lượng lớn,dien-thoai-dung-luong-lon,90114
1603,Điện thoại cấu hình cao,dien-thoai-cau-hinh-cao,90114
1605,Điện thoại chụp ảnh/quay phim đẹp,dien-thoai-chup-anh-quay-phim,90114
2221,Điện thoại AI,ai,90114
2240,Chuẩn NFC,nfc,90114
2305,iPhone 16 Series,iphone-16,90114
2,Root,default-category,90112
3,Điện thoại,mobile,90112
132,Apple,apple,90112
1131,Điện thoại gaming,dien-thoai-gaming,90112
1602,Điện thoại dung lượng lớn,dien-thoai-dung-luong-lon,90112
1603,Điện thoại cấu hình cao,dien-thoai-cau-hinh-cao,90112
1605,Điện thoại chụp ảnh/quay phim đẹp,dien-thoai-chup-anh-quay-phim,90112
2221,Điện thoại AI,ai,90112
2240,Chuẩn NFC,nfc,90112
2305,iPhone 16 Series,iphone-16,90112
2,Root,default-category,53193
3,Điện thoại,mobile,53193
35,Samsung,samsung,53193
1131,Điện thoại gaming,dien-thoai-gaming,53193
1601,Điện thoại pin trâu,dien-thoai-pin-trau,53193
1605,Điện thoại chụp ảnh/quay phim đẹp,dien-thoai-chup-anh-quay-phim,53193
2240,Chuẩn NFC,nfc,53193
478,Galaxy A,galaxy-a,53193
3,Điện thoại,mobile,96795
340,Xiaomi,xiaomi,96795
1131,Điện thoại gaming,dien-thoai-gaming,96795
1601,Điện thoại pin trâu,dien-thoai-pin-trau,96795
1602,Điện thoại dung lượng lớn,dien-thoai-dung-luong-lon,96795
1605,Điện thoại chụp ảnh/quay phim đẹp,dien-thoai-chup-anh-quay-phim,96795
2240,Chuẩn NFC,nfc,96795
1017,Redmi,redmi,96795
1868,Note 13 series,note-13-series,96795
2,Root,default-category,90112
3,Điện thoại,mobile,90112
132,Apple,apple,90112
1131,Điện thoại gaming,dien-thoai-gaming,90112
1602,Điện thoại dung lượng lớn,dien-thoai-dung-luong-lon,90112
1603,Điện thoại cấu hình cao,dien-thoai-cau-hinh-cao,90112
1605,Điện thoại chụp ảnh/quay phim đẹp,dien-thoai-chup-anh-quay-phim,90112
2221,Điện thoại AI,ai,90112
2240,Chuẩn NFC,nfc,90112
2305,iPhone 16 Series,iphone-16,90112
3,Điện thoại,mobile,96795
340,Xiaomi,xiaomi,96795
1131,Điện thoại gaming,dien-thoai-gaming,96795
1601,Điện thoại pin trâu,dien-thoai-pin-trau,96795
1602,Điện thoại dung lượng lớn,dien-thoai-dung-luong-lon,96795
1605,Điện thoại chụp ảnh/quay phim đẹp,dien-thoai-chup-anh-quay-phim,96795
2240,Chuẩn NFC,nfc,96795
1017,Redmi,redmi,96795
1868,Note 13 series,note-13-series,96795
2,Root,default-category,95959
3,Điện thoại,mobile,95959
133,OPPO,oppo,95959
1131,Điện thoại gaming,dien-thoai-gaming,95959
1601,Điện thoại pin trâu,dien-thoai-pin-trau,95959
1602,Điện thoại dung lượng lớn,dien-thoai-dung-luong-lon,95959
1605,Điện thoại chụp ảnh/quay phim đẹp,dien-thoai-chup-anh-quay-phim,95959
2221,Điện thoại AI,ai,95959
2240,Chuẩn NFC,nfc,95959
1111,Reno Series,reno-series,95959
2,Root,default-category,95959
3,Điện thoại,mobile,95959
133,OPPO,oppo,95959
1131,Điện thoại gaming,dien-thoai-gaming,95959
1601,Điện thoại pin trâu,dien-thoai-pin-trau,95959
1602,Điện thoại dung lượng lớn,dien-thoai-dung-luong-lon,95959
1605,Điện thoại chụp ảnh/quay phim đẹp,dien-thoai-chup-anh-quay-phim,95959
2221,Điện thoại AI,ai,95959
2240,Chuẩn NFC,nfc,95959
1111,Reno Series,reno-series,95959
2,Root,default-category,80473
3,Điện thoại,mobile,80473
35,Samsung,samsung,80473
1131,Điện thoại gaming,dien-thoai-gaming,80473
1601,Điện thoại pin trâu,dien-thoai-pin-trau,80473
1602,Điện thoại dung lượng lớn,dien-thoai-dung-luong-lon,80473
1605,Điện thoại chụp ảnh/quay phim đẹp,dien-thoai-chup-anh-quay-phim,80473
2240,Chuẩn NFC,nfc,80473
882,Galaxy M,galaxy-m,80473
2,Root,default-category,80473
3,Điện thoại,mobile,80473
35,Samsung,samsung,80473
1131,Điện thoại gaming,dien-thoai-gaming,80473
1601,Điện thoại pin trâu,dien-thoai-pin-trau,80473
1602,Điện thoại dung lượng lớn,dien-thoai-dung-luong-lon,80473
1605,Điện thoại chụp ảnh/quay phim đẹp,dien-thoai-chup-anh-quay-phim,80473
2240,Chuẩn NFC,nfc,80473
882,Galaxy M,galaxy-m,80473
3,Điện thoại,mobile,93386
1864,Điện thoại Meizu,meizu,93386
3,Điện thoại,mobile,93386
1864,Điện thoại Meizu,meizu,93386
2,Root,default-category,18388
3,Điện thoại,mobile,18388
132,Apple,apple,18388
1131,Điện thoại gaming,dien-thoai-gaming,18388
1603,Điện thoại cấu hình cao,dien-thoai-cau-hinh-cao,18388
1605,Điện thoại chụp ảnh/quay phim đẹp,dien-thoai-chup-anh-quay-phim,18388
2221,Điện thoại AI,ai,18388
2240,Chuẩn NFC,nfc,18388
758,iPhone 11 Series,iphone-11-series,18388
2,Root,default-category,18388
3,Điện thoại,mobile,18388
132,Apple,apple,18388
1131,Điện thoại gaming,dien-thoai-gaming,18388
1603,Điện thoại cấu hình cao,dien-thoai-cau-hinh-cao,18388
1605,Điện thoại chụp ảnh/quay phim đẹp,dien-thoai-chup-anh-quay-phim,18388
2221,Điện thoại AI,ai,18388
2240,Chuẩn NFC,nfc,18388
758,iPhone 11 Series,iphone-11-series,18388
3,Điện thoại,mobile,83010
133,OPPO,oppo,83010
1131,Điện thoại gaming,dien-thoai-gaming,83010
1601,Điện thoại pin trâu,dien-thoai-pin-trau,83010
1602,Điện thoại dung lượng lớn,dien-thoai-dung-luong-lon,83010
1605,Điện thoại chụp ảnh/quay phim đẹp,dien-thoai-chup-anh-quay-phim,83010
2221,Điện thoại AI,ai,83010
2240,Chuẩn NFC,nfc,83010
1111,Reno Series,reno-series,83010
3,Điện thoại,mobile,83010
133,OPPO,oppo,83010
1131,Điện thoại gaming,dien-thoai-gaming,83010
1601,Điện thoại pin trâu,dien-thoai-pin-trau,83010
1602,Điện thoại dung lượng lớn,dien-thoai-dung-luong-lon,83010
1605,Điện thoại chụp ảnh/quay phim đẹp,dien-thoai-chup-anh-quay-phim,83010
2221,Điện thoại AI,ai,83010
2240,Chuẩn NFC,nfc,83010
1111,Reno Series,reno-series,83010
2,Root,default-category,88564
3,Điện thoại,mobile,88564
35,Samsung,samsung,88564
1131,Điện thoại gaming,dien-thoai-gaming,88564
1601,Điện thoại pin trâu,dien-thoai-pin-trau,88564
478,Galaxy A,galaxy-a,88564
2,Root,default-category,88564
3,Điện thoại,mobile,88564
35,Samsung,samsung,88564
1131,Điện thoại gaming,dien-thoai-gaming,88564
1601,Điện thoại pin trâu,dien-thoai-pin-trau,88564
478,Galaxy A,galaxy-a,88564
2,Root,default-category,96373
3,Điện thoại,mobile,96373
1121,Tecno,tecno,96373
1131,Điện thoại gaming,dien-thoai-gaming,96373
1601,Điện thoại pin trâu,dien-thoai-pin-trau,96373
1602,Điện thoại dung lượng lớn,dien-thoai-dung-luong-lon,96373
2240,Chuẩn NFC,nfc,96373
1878,Tecno Spark,spark,96373
2,Root,default-category,96373
3,Điện thoại,mobile,96373
1121,Tecno,tecno,96373
1131,Điện thoại gaming,dien-thoai-gaming,96373
1601,Điện thoại pin trâu,dien-thoai-pin-trau,96373
1602,Điện thoại dung lượng lớn,dien-thoai-dung-luong-lon,96373
2240,Chuẩn NFC,nfc,96373
1878,Tecno Spark,spark,96373
2,Root,default-category,93646
3,Điện thoại,mobile,93646
35,Samsung,samsung,93646
1131,Điện thoại gaming,dien-thoai-gaming,93646
1601,Điện thoại pin trâu,dien-thoai-pin-trau,93646
478,Galaxy A,galaxy-a,93646
2,Root,default-category,93646
3,Điện thoại,mobile,93646
35,Samsung,samsung,93646
1131,Điện thoại gaming,dien-thoai-gaming,93646
1601,Điện thoại pin trâu,dien-thoai-pin-trau,93646
478,Galaxy A,galaxy-a,93646
2,Root,default-category,98498
3,Điện thoại,mobile,98498
35,Samsung,samsung,98498
475,Galaxy S,galaxy-s,98498
2420,Galaxy S25 Series,s25-series,98498
2,Root,default-category,98498
3,Điện thoại,mobile,98498
35,Samsung,samsung,98498
475,Galaxy S,galaxy-s,98498
2420,Galaxy S25 Series,s25-series,98498
2,Root,default-category,85247
3,Điện thoại,mobile,85247
133,OPPO,oppo,85247
1131,Điện thoại gaming,dien-thoai-gaming,85247
1601,Điện thoại pin trâu,dien-thoai-pin-trau,85247
1016,A Series,a-series,85247
2,Root,default-category,85247
3,Điện thoại,mobile,85247
133,OPPO,oppo,85247
1131,Điện thoại gaming,dien-thoai-gaming,85247
1601,Điện thoại pin trâu,dien-thoai-pin-trau,85247
1016,A Series,a-series,85247
2,Root,default-category,84108
3,Điện thoại,mobile,84108
35,Samsung,samsung,84108
475,Galaxy S,galaxy-s,84108
2420,Galaxy S25 Series,s25-series,84108
2,Root,default-category,84108
3,Điện thoại,mobile,84108
35,Samsung,samsung,84108
475,Galaxy S,galaxy-s,84108
2420,Galaxy S25 Series,s25-series,84108
2,Root,default-category,77853
3,Điện thoại,mobile,77853
925,Nubia,nubia,77853
1601,Điện thoại pin trâu,dien-thoai-pin-trau,77853
1602,Điện thoại dung lượng lớn,dien-thoai-dung-luong-lon,77853
2240,Chuẩn NFC,nfc,77853
2,Root,default-category,77853
3,Điện thoại,mobile,77853
925,Nubia,nubia,77853
1601,Điện thoại pin trâu,dien-thoai-pin-trau,77853
1602,Điện thoại dung lượng lớn,dien-thoai-dung-luong-lon,77853
2240,Chuẩn NFC,nfc,77853
2,Root,default-category,53270
3,Điện thoại,mobile,53270
35,Samsung,samsung,53270
1131,Điện thoại gaming,dien-thoai-gaming,53270
1601,Điện thoại pin trâu,dien-thoai-pin-trau,53270
1605,Điện thoại chụp ảnh/quay phim đẹp,dien-thoai-chup-anh-quay-phim,53270
2240,Chuẩn NFC,nfc,53270
478,Galaxy A,galaxy-a,53270
2,Root,default-category,53270
3,Điện thoại,mobile,53270
35,Samsung,samsung,53270
1131,Điện thoại gaming,dien-thoai-gaming,53270
1601,Điện thoại pin trâu,dien-thoai-pin-trau,53270
1605,Điện thoại chụp ảnh/quay phim đẹp,dien-thoai-chup-anh-quay-phim,53270
2240,Chuẩn NFC,nfc,53270
478,Galaxy A,galaxy-a,53270
2,Root,default-category,91270
3,Điện thoại,mobile,91270
1121,Tecno,tecno,91270
1131,Điện thoại gaming,dien-thoai-gaming,91270
1601,Điện thoại pin trâu,dien-thoai-pin-trau,91270
1602,Điện thoại dung lượng lớn,dien-thoai-dung-luong-lon,91270
2240,Chuẩn NFC,nfc,91270
1879,Tecno Camon,camon,91270
2,Root,default-category,91270
3,Điện thoại,mobile,91270
1121,Tecno,tecno,91270
1131,Điện thoại gaming,dien-thoai-gaming,91270
1601,Điện thoại pin trâu,dien-thoai-pin-trau,91270
1602,Điện thoại dung lượng lớn,dien-thoai-dung-luong-lon,91270
2240,Chuẩn NFC,nfc,91270
1879,Tecno Camon,camon,91270
2,Root,default-category,59293
3,Điện thoại,mobile,59293
35,Samsung,samsung,59293
1131,Điện thoại gaming,dien-thoai-gaming,59293
1601,Điện thoại pin trâu,dien-thoai-pin-trau,59293
1602,Điện thoại dung lượng lớn,dien-thoai-dung-luong-lon,59293
1603,Điện thoại cấu hình cao,dien-thoai-cau-hinh-cao,59293
1605,Điện thoại chụp ảnh/quay phim đẹp,dien-thoai-chup-anh-quay-phim,59293
2221,Điện thoại AI,ai,59293
2240,Chuẩn NFC,nfc,59293
475,Galaxy S,galaxy-s,59293
1833,Galaxy S24 Series,s24-series,59293
2,Root,default-category,59293
3,Điện thoại,mobile,59293
35,Samsung,samsung,59293
1131,Điện thoại gaming,dien-thoai-gaming,59293
1601,Điện thoại pin trâu,dien-thoai-pin-trau,59293
1602,Điện thoại dung lượng lớn,dien-thoai-dung-luong-lon,59293
1603,Điện thoại cấu hình cao,dien-thoai-cau-hinh-cao,59293
1605,Điện thoại chụp ảnh/quay phim đẹp,dien-thoai-chup-anh-quay-phim,59293
2221,Điện thoại AI,ai,59293
2240,Chuẩn NFC,nfc,59293
475,Galaxy S,galaxy-s,59293
1833,Galaxy S24 Series,s24-series,59293
2,Root,default-category,99776
3,Điện thoại,mobile,99776
1121,Tecno,tecno,99776
1601,Điện thoại pin trâu,dien-thoai-pin-trau,99776
1602,Điện thoại dung lượng lớn,dien-thoai-dung-luong-lon,99776
1879,Tecno Camon,camon,99776
2,Root,default-category,99776
3,Điện thoại,mobile,99776
1121,Tecno,tecno,99776
1601,Điện thoại pin trâu,dien-thoai-pin-trau,99776
1602,Điện thoại dung lượng lớn,dien-thoai-dung-luong-lon,99776
1879,Tecno Camon,camon,99776
3,Điện thoại,mobile,82067
340,Xiaomi,xiaomi,82067
1131,Điện thoại gaming,dien-thoai-gaming,82067
1601,Điện thoại pin trâu,dien-thoai-pin-trau,82067
1602,Điện thoại dung lượng lớn,dien-thoai-dung-luong-lon,82067
1605,Điện thoại chụp ảnh/quay phim đẹp,dien-thoai-chup-anh-quay-phim,82067
2240,Chuẩn NFC,nfc,82067
1017,Redmi,redmi,82067
1868,Note 13 series,note-13-series,82067
3,Điện thoại,mobile,82067
340,Xiaomi,xiaomi,82067
1131,Điện thoại gaming,dien-thoai-gaming,82067
1601,Điện thoại pin trâu,dien-thoai-pin-trau,82067
1602,Điện thoại dung lượng lớn,dien-thoai-dung-luong-lon,82067
1605,Điện thoại chụp ảnh/quay phim đẹp,dien-thoai-chup-anh-quay-phim,82067
2240,Chuẩn NFC,nfc,82067
1017,Redmi,redmi,82067
1868,Note 13 series,note-13-series,82067
2,Root,default-category,67378
3,Điện thoại,mobile,67378
340,Xiaomi,xiaomi,67378
1131,Điện thoại gaming,dien-thoai-gaming,67378
1601,Điện thoại pin trâu,dien-thoai-pin-trau,67378
1602,Điện thoại dung lượng lớn,dien-thoai-dung-luong-lon,67378
1605,Điện thoại chụp ảnh/quay phim đẹp,dien-thoai-chup-anh-quay-phim,67378
2240,Chuẩn NFC,nfc,67378
1017,Redmi,redmi,67378
1868,Note 13 series,note-13-series,67378
2,Root,default-category,67378
3,Điện thoại,mobile,67378
340,Xiaomi,xiaomi,67378
1131,Điện thoại gaming,dien-thoai-gaming,67378
1601,Điện thoại pin trâu,dien-thoai-pin-trau,67378
1602,Điện thoại dung lượng lớn,dien-thoai-dung-luong-lon,67378
1605,Điện thoại chụp ảnh/quay phim đẹp,dien-thoai-chup-anh-quay-phim,67378
2240,Chuẩn NFC,nfc,67378
1017,Redmi,redmi,67378
1868,Note 13 series,note-13-series,67378
3,Điện thoại,mobile,82060
340,Xiaomi,xiaomi,82060
1131,Điện thoại gaming,dien-thoai-gaming,82060
1601,Điện thoại pin trâu,dien-thoai-pin-trau,82060
1602,Điện thoại dung lượng lớn,dien-thoai-dung-luong-lon,82060
1605,Điện thoại chụp ảnh/quay phim đẹp,dien-thoai-chup-anh-quay-phim,82060
2240,Chuẩn NFC,nfc,82060
1017,Redmi,redmi,82060
1868,Note 13 series,note-13-series,82060
3,Điện thoại,mobile,82060
340,Xiaomi,xiaomi,82060
1131,Điện thoại gaming,dien-thoai-gaming,82060
1601,Điện thoại pin trâu,dien-thoai-pin-trau,82060
1602,Điện thoại dung lượng lớn,dien-thoai-dung-luong-lon,82060
1605,Điện thoại chụp ảnh/quay phim đẹp,dien-thoai-chup-anh-quay-phim,82060
2240,Chuẩn NFC,nfc,82060
1017,Redmi,redmi,82060
1868,Note 13 series,note-13-series,82060
2,Root,default-category,95960
3,Điện thoại,mobile,95960
133,OPPO,oppo,95960
1131,Điện thoại gaming,dien-thoai-gaming,95960
1601,Điện thoại pin trâu,dien-thoai-pin-trau,95960
1602,Điện thoại dung lượng lớn,dien-thoai-dung-luong-lon,95960
1605,Điện thoại chụp ảnh/quay phim đẹp,dien-thoai-chup-anh-quay-phim,95960
2221,Điện thoại AI,ai,95960
2240,Chuẩn NFC,nfc,95960
1111,Reno Series,reno-series,95960
2,Root,default-category,95960
3,Điện thoại,mobile,95960
133,OPPO,oppo,95960
1131,Điện thoại gaming,dien-thoai-gaming,95960
1601,Điện thoại pin trâu,dien-thoai-pin-trau,95960
1602,Điện thoại dung lượng lớn,dien-thoai-dung-luong-lon,95960
1605,Điện thoại chụp ảnh/quay phim đẹp,dien-thoai-chup-anh-quay-phim,95960
2221,Điện thoại AI,ai,95960
2240,Chuẩn NFC,nfc,95960
1111,Reno Series,reno-series,95960
2,Root,default-category,93649
3,Điện thoại,mobile,93649
35,Samsung,samsung,93649
1131,Điện thoại gaming,dien-thoai-gaming,93649
1601,Điện thoại pin trâu,dien-thoai-pin-trau,93649
2240,Chuẩn NFC,nfc,93649
478,Galaxy A,galaxy-a,93649
2,Root,default-category,93649
3,Điện thoại,mobile,93649
35,Samsung,samsung,93649
1131,Điện thoại gaming,dien-thoai-gaming,93649
1601,Điện thoại pin trâu,dien-thoai-pin-trau,93649
2240,Chuẩn NFC,nfc,93649
478,Galaxy A,galaxy-a,93649
3,Điện thoại,mobile,72332
1121,Tecno,tecno,72332
1131,Điện thoại gaming,dien-thoai-gaming,72332
1601,Điện thoại pin trâu,dien-thoai-pin-trau,72332
2240,Chuẩn NFC,nfc,72332
1877,Tecno Pova,pova,72332
3,Điện thoại,mobile,72332
1121,Tecno,tecno,72332
1131,Điện thoại gaming,dien-thoai-gaming,72332
1601,Điện thoại pin trâu,dien-thoai-pin-trau,72332
2240,Chuẩn NFC,nfc,72332
1877,Tecno Pova,pova,72332
2,Root,default-category,62717
3,Điện thoại,mobile,62717
133,OPPO,oppo,62717
1131,Điện thoại gaming,dien-thoai-gaming,62717
1601,Điện thoại pin trâu,dien-thoai-pin-trau,62717
1016,A Series,a-series,62717
2,Root,default-category,62717
3,Điện thoại,mobile,62717
133,OPPO,oppo,62717
1131,Điện thoại gaming,dien-thoai-gaming,62717
1601,Điện thoại pin trâu,dien-thoai-pin-trau,62717
1016,A Series,a-series,62717
3,Điện thoại,mobile,83012
133,OPPO,oppo,83012
1131,Điện thoại gaming,dien-thoai-gaming,83012
1601,Điện thoại pin trâu,dien-thoai-pin-trau,83012
1602,Điện thoại dung lượng lớn,dien-thoai-dung-luong-lon,83012
1605,Điện thoại chụp ảnh/quay phim đẹp,dien-thoai-chup-anh-quay-phim,83012
2221,Điện thoại AI,ai,83012
2240,Chuẩn NFC,nfc,83012
1111,Reno Series,reno-series,83012
3,Điện thoại,mobile,83012
133,OPPO,oppo,83012
1131,Điện thoại gaming,dien-thoai-gaming,83012
1601,Điện thoại pin trâu,dien-thoai-pin-trau,83012
1602,Điện thoại dung lượng lớn,dien-thoai-dung-luong-lon,83012
1605,Điện thoại chụp ảnh/quay phim đẹp,dien-thoai-chup-anh-quay-phim,83012
2221,Điện thoại AI,ai,83012
2240,Chuẩn NFC,nfc,83012
1111,Reno Series,reno-series,83012
2,Root,default-category,72748
3,Điện thoại,mobile,72748
35,Samsung,samsung,72748
1131,Điện thoại gaming,dien-thoai-gaming,72748
1601,Điện thoại pin trâu,dien-thoai-pin-trau,72748
1602,Điện thoại dung lượng lớn,dien-thoai-dung-luong-lon,72748
1603,Điện thoại cấu hình cao,dien-thoai-cau-hinh-cao,72748
1605,Điện thoại chụp ảnh/quay phim đẹp,dien-thoai-chup-anh-quay-phim,72748
2221,Điện thoại AI,ai,72748
2240,Chuẩn NFC,nfc,72748
475,Galaxy S,galaxy-s,72748
1833,Galaxy S24 Series,s24-series,72748
3,Điện thoại,mobile,72211
133,OPPO,oppo,72211
1131,Điện thoại gaming,dien-thoai-gaming,72211
1601,Điện thoại pin trâu,dien-thoai-pin-trau,72211
1602,Điện thoại dung lượng lớn,dien-thoai-dung-luong-lon,72211
2240,Chuẩn NFC,nfc,72211
1016,A Series,a-series,72211
2,Root,default-category,72748
3,Điện thoại,mobile,72748
35,Samsung,samsung,72748
1131,Điện thoại gaming,dien-thoai-gaming,72748
1601,Điện thoại pin trâu,dien-thoai-pin-trau,72748
1602,Điện thoại dung lượng lớn,dien-thoai-dung-luong-lon,72748
1603,Điện thoại cấu hình cao,dien-thoai-cau-hinh-cao,72748
1605,Điện thoại chụp ảnh/quay phim đẹp,dien-thoai-chup-anh-quay-phim,72748
2221,Điện thoại AI,ai,72748
2240,Chuẩn NFC,nfc,72748
475,Galaxy S,galaxy-s,72748
1833,Galaxy S24 Series,s24-series,72748
2,Root,default-category,59734
3,Điện thoại,mobile,59734
133,OPPO,oppo,59734
1131,Điện thoại gaming,dien-thoai-gaming,59734
1601,Điện thoại pin trâu,dien-thoai-pin-trau,59734
1602,Điện thoại dung lượng lớn,dien-thoai-dung-luong-lon,59734
1603,Điện thoại cấu hình cao,dien-thoai-cau-hinh-cao,59734
1605,Điện thoại chụp ảnh/quay phim đẹp,dien-thoai-chup-anh-quay-phim,59734
2240,Chuẩn NFC,nfc,59734
1110,Find Series,find-x-series,59734
3,Điện thoại,mobile,72211
133,OPPO,oppo,72211
1131,Điện thoại gaming,dien-thoai-gaming,72211
1601,Điện thoại pin trâu,dien-thoai-pin-trau,72211
1602,Điện thoại dung lượng lớn,dien-thoai-dung-luong-lon,72211
2240,Chuẩn NFC,nfc,72211
1016,A Series,a-series,72211
2,Root,default-category,59734
3,Điện thoại,mobile,59734
133,OPPO,oppo,59734
1131,Điện thoại gaming,dien-thoai-gaming,59734
1601,Điện thoại pin trâu,dien-thoai-pin-trau,59734
1602,Điện thoại dung lượng lớn,dien-thoai-dung-luong-lon,59734
1603,Điện thoại cấu hình cao,dien-thoai-cau-hinh-cao,59734
1605,Điện thoại chụp ảnh/quay phim đẹp,dien-thoai-chup-anh-quay-phim,59734
2240,Chuẩn NFC,nfc,59734
1110,Find Series,find-x-series,59734
2,Root,default-category,99862
3,Điện thoại,mobile,99862
1121,Tecno,tecno,99862
1601,Điện thoại pin trâu,dien-thoai-pin-trau,99862
1879,Tecno Camon,camon,99862
2,Root,default-category,99862
3,Điện thoại,mobile,99862
1121,Tecno,tecno,99862
1601,Điện thoại pin trâu,dien-thoai-pin-trau,99862
1879,Tecno Camon,camon,99862
2,Root,default-category,64832
3,Điện thoại,mobile,64832
925,Nubia,nubia,64832
1601,Điện thoại pin trâu,dien-thoai-pin-trau,64832
1602,Điện thoại dung lượng lớn,dien-thoai-dung-luong-lon,64832
3,Điện thoại,mobile,42337
133,OPPO,oppo,42337
1131,Điện thoại gaming,dien-thoai-gaming,42337
1601,Điện thoại pin trâu,dien-thoai-pin-trau,42337
1602,Điện thoại dung lượng lớn,dien-thoai-dung-luong-lon,42337
1603,Điện thoại cấu hình cao,dien-thoai-cau-hinh-cao,42337
1605,Điện thoại chụp ảnh/quay phim đẹp,dien-thoai-chup-anh-quay-phim,42337
2221,Điện thoại AI,ai,42337
2240,Chuẩn NFC,nfc,42337
1110,Find Series,find-x-series,42337
2,Root,default-category,64832
3,Điện thoại,mobile,64832
925,Nubia,nubia,64832
1601,Điện thoại pin trâu,dien-thoai-pin-trau,64832
1602,Điện thoại dung lượng lớn,dien-thoai-dung-luong-lon,64832
2,Root,default-category,83931
3,Điện thoại,mobile,83931
133,OPPO,oppo,83931
1131,Điện thoại gaming,dien-thoai-gaming,83931
1601,Điện thoại pin trâu,dien-thoai-pin-trau,83931
1016,A Series,a-series,83931
3,Điện thoại,mobile,42337
133,OPPO,oppo,42337
1131,Điện thoại gaming,dien-thoai-gaming,42337
1601,Điện thoại pin trâu,dien-thoai-pin-trau,42337
1602,Điện thoại dung lượng lớn,dien-thoai-dung-luong-lon,42337
1603,Điện thoại cấu hình cao,dien-thoai-cau-hinh-cao,42337
1605,Điện thoại chụp ảnh/quay phim đẹp,dien-thoai-chup-anh-quay-phim,42337
2221,Điện thoại AI,ai,42337
2240,Chuẩn NFC,nfc,42337
1110,Find Series,find-x-series,42337
2,Root,default-category,87123
3,Điện thoại,mobile,87123
133,OPPO,oppo,87123
1131,Điện thoại gaming,dien-thoai-gaming,87123
1601,Điện thoại pin trâu,dien-thoai-pin-trau,87123
1602,Điện thoại dung lượng lớn,dien-thoai-dung-luong-lon,87123
1016,A Series,a-series,87123
2,Root,default-category,83931
3,Điện thoại,mobile,83931
133,OPPO,oppo,83931
1131,Điện thoại gaming,dien-thoai-gaming,83931
1601,Điện thoại pin trâu,dien-thoai-pin-trau,83931
1016,A Series,a-series,83931
3,Điện thoại,mobile,88446
1131,Điện thoại gaming,dien-thoai-gaming,88446
1601,Điện thoại pin trâu,dien-thoai-pin-trau,88446
1602,Điện thoại dung lượng lớn,dien-thoai-dung-luong-lon,88446
1709,Itel,itel,88446
2240,Chuẩn NFC,nfc,88446
2,Root,default-category,87123
3,Điện thoại,mobile,87123
133,OPPO,oppo,87123
1131,Điện thoại gaming,dien-thoai-gaming,87123
1601,Điện thoại pin trâu,dien-thoai-pin-trau,87123
1602,Điện thoại dung lượng lớn,dien-thoai-dung-luong-lon,87123
1016,A Series,a-series,87123
2,Root,default-category,85820
3,Điện thoại,mobile,85820
133,OPPO,oppo,85820
1131,Điện thoại gaming,dien-thoai-gaming,85820
1601,Điện thoại pin trâu,dien-thoai-pin-trau,85820
1016,A Series,a-series,85820
3,Điện thoại,mobile,88446
1131,Điện thoại gaming,dien-thoai-gaming,88446
1601,Điện thoại pin trâu,dien-thoai-pin-trau,88446
1602,Điện thoại dung lượng lớn,dien-thoai-dung-luong-lon,88446
1709,Itel,itel,88446
2240,Chuẩn NFC,nfc,88446
3,Điện thoại,mobile,93387
1864,Điện thoại Meizu,meizu,93387
2,Root,default-category,85820
3,Điện thoại,mobile,85820
133,OPPO,oppo,85820
1131,Điện thoại gaming,dien-thoai-gaming,85820
1601,Điện thoại pin trâu,dien-thoai-pin-trau,85820
1016,A Series,a-series,85820
2,Root,default-category,59736
3,Điện thoại,mobile,59736
133,OPPO,oppo,59736
1131,Điện thoại gaming,dien-thoai-gaming,59736
1602,Điện thoại dung lượng lớn,dien-thoai-dung-luong-lon,59736
1603,Điện thoại cấu hình cao,dien-thoai-cau-hinh-cao,59736
1605,Điện thoại chụp ảnh/quay phim đẹp,dien-thoai-chup-anh-quay-phim,59736
2240,Chuẩn NFC,nfc,59736
1110,Find Series,find-x-series,59736
3,Điện thoại,mobile,93387
1864,Điện thoại Meizu,meizu,93387
2,Root,default-category,90682
3,Điện thoại,mobile,90682
606,realme,realme,90682
1131,Điện thoại gaming,dien-thoai-gaming,90682
1601,Điện thoại pin trâu,dien-thoai-pin-trau,90682
1602,Điện thoại dung lượng lớn,dien-thoai-dung-luong-lon,90682
2240,Chuẩn NFC,nfc,90682
2,Root,default-category,59736
3,Điện thoại,mobile,59736
133,OPPO,oppo,59736
1131,Điện thoại gaming,dien-thoai-gaming,59736
1602,Điện thoại dung lượng lớn,dien-thoai-dung-luong-lon,59736
1603,Điện thoại cấu hình cao,dien-thoai-cau-hinh-cao,59736
1605,Điện thoại chụp ảnh/quay phim đẹp,dien-thoai-chup-anh-quay-phim,59736
2240,Chuẩn NFC,nfc,59736
1110,Find Series,find-x-series,59736
2,Root,default-category,77301
3,Điện thoại,mobile,77301
1601,Điện thoại pin trâu,dien-thoai-pin-trau,77301
1602,Điện thoại dung lượng lớn,dien-thoai-dung-luong-lon,77301
1675,Infinix,infinix,77301
2,Root,default-category,90682
3,Điện thoại,mobile,90682
606,realme,realme,90682
1131,Điện thoại gaming,dien-thoai-gaming,90682
1601,Điện thoại pin trâu,dien-thoai-pin-trau,90682
1602,Điện thoại dung lượng lớn,dien-thoai-dung-luong-lon,90682
2240,Chuẩn NFC,nfc,90682
2,Root,default-category,77301
3,Điện thoại,mobile,77301
1601,Điện thoại pin trâu,dien-thoai-pin-trau,77301
1602,Điện thoại dung lượng lớn,dien-thoai-dung-luong-lon,77301
1675,Infinix,infinix,77301
3,Điện thoại,mobile,96530
1601,Điện thoại pin trâu,dien-thoai-pin-trau,96530
1709,Itel,itel,96530
2,Root,default-category,75812
3,Điện thoại,mobile,75812
1131,Điện thoại gaming,dien-thoai-gaming,75812
1601,Điện thoại pin trâu,dien-thoai-pin-trau,75812
1602,Điện thoại dung lượng lớn,dien-thoai-dung-luong-lon,75812
1675,Infinix,infinix,75812
2240,Chuẩn NFC,nfc,75812
3,Điện thoại,mobile,96530
1601,Điện thoại pin trâu,dien-thoai-pin-trau,96530
1709,Itel,itel,96530
2,Root,default-category,75812
3,Điện thoại,mobile,75812
1131,Điện thoại gaming,dien-thoai-gaming,75812
1601,Điện thoại pin trâu,dien-thoai-pin-trau,75812
1602,Điện thoại dung lượng lớn,dien-thoai-dung-luong-lon,75812
1675,Infinix,infinix,75812
2240,Chuẩn NFC,nfc,75812
3,Điện thoại,mobile,92990
215,vivo,vivo,92990
1601,Điện thoại pin trâu,dien-thoai-pin-trau,92990
1018,Y Series,y-series,92990
3,Điện thoại,mobile,88715
98,Nokia,nokia,88715
696,Điện thoại phổ thông,dien-thoai-pho-thong,88715
3,Điện thoại,mobile,92990
215,vivo,vivo,92990
1601,Điện thoại pin trâu,dien-thoai-pin-trau,92990
1018,Y Series,y-series,92990
3,Điện thoại,mobile,79220
215,vivo,vivo,79220
1131,Điện thoại gaming,dien-thoai-gaming,79220
1601,Điện thoại pin trâu,dien-thoai-pin-trau,79220
1602,Điện thoại dung lượng lớn,dien-thoai-dung-luong-lon,79220
2240,Chuẩn NFC,nfc,79220
3,Điện thoại,mobile,88715
98,Nokia,nokia,88715
696,Điện thoại phổ thông,dien-thoai-pho-thong,88715
2,Root,default-category,64928
3,Điện thoại,mobile,64928
1121,Tecno,tecno,64928
1131,Điện thoại gaming,dien-thoai-gaming,64928
1601,Điện thoại pin trâu,dien-thoai-pin-trau,64928
1602,Điện thoại dung lượng lớn,dien-thoai-dung-luong-lon,64928
2240,Chuẩn NFC,nfc,64928
1877,Tecno Pova,pova,64928
3,Điện thoại,mobile,82915
98,Nokia,nokia,82915
696,Điện thoại phổ thông,dien-thoai-pho-thong,82915
3,Điện thoại,mobile,79220
215,vivo,vivo,79220
1131,Điện thoại gaming,dien-thoai-gaming,79220
1601,Điện thoại pin trâu,dien-thoai-pin-trau,79220
1602,Điện thoại dung lượng lớn,dien-thoai-dung-luong-lon,79220
2240,Chuẩn NFC,nfc,79220
3,Điện thoại,mobile,78051
696,Điện thoại phổ thông,dien-thoai-pho-thong,78051
1720,Masstel,masstel,78051
2,Root,default-category,64928
3,Điện thoại,mobile,64928
1121,Tecno,tecno,64928
1131,Điện thoại gaming,dien-thoai-gaming,64928
1601,Điện thoại pin trâu,dien-thoai-pin-trau,64928
1602,Điện thoại dung lượng lớn,dien-thoai-dung-luong-lon,64928
2240,Chuẩn NFC,nfc,64928
1877,Tecno Pova,pova,64928
2,Root,default-category,65137
3,Điện thoại,mobile,65137
98,Nokia,nokia,65137
3,Điện thoại,mobile,82915
98,Nokia,nokia,82915
696,Điện thoại phổ thông,dien-thoai-pho-thong,82915
3,Điện thoại,mobile,97391
1131,Điện thoại gaming,dien-thoai-gaming,97391
1601,Điện thoại pin trâu,dien-thoai-pin-trau,97391
1709,Itel,itel,97391
2240,Chuẩn NFC,nfc,97391
3,Điện thoại,mobile,78051
696,Điện thoại phổ thông,dien-thoai-pho-thong,78051
1720,Masstel,masstel,78051
2,Root,default-category,65137
3,Điện thoại,mobile,65137
98,Nokia,nokia,65137
3,Điện thoại,mobile,18071
98,Nokia,nokia,18071
2,Root,default-category,90306
3,Điện thoại,mobile,90306
696,Điện thoại phổ thông,dien-thoai-pho-thong,90306
1720,Masstel,masstel,90306
3,Điện thoại,mobile,97391
1131,Điện thoại gaming,dien-thoai-gaming,97391
1601,Điện thoại pin trâu,dien-thoai-pin-trau,97391
1709,Itel,itel,97391
2240,Chuẩn NFC,nfc,97391
3,Điện thoại,mobile,98130
1131,Điện thoại gaming,dien-thoai-gaming,98130
1601,Điện thoại pin trâu,dien-thoai-pin-trau,98130
1602,Điện thoại dung lượng lớn,dien-thoai-dung-luong-lon,98130
1709,Itel,itel,98130
2240,Chuẩn NFC,nfc,98130
3,Điện thoại,mobile,18071
98,Nokia,nokia,18071
2,Root,default-category,64834
3,Điện thoại,mobile,64834
133,OPPO,oppo,64834
1131,Điện thoại gaming,dien-thoai-gaming,64834
1601,Điện thoại pin trâu,dien-thoai-pin-trau,64834
1605,Điện thoại chụp ảnh/quay phim đẹp,dien-thoai-chup-anh-quay-phim,64834
2240,Chuẩn NFC,nfc,64834
1111,Reno Series,reno-series,64834
2,Root,default-category,90306
3,Điện thoại,mobile,90306
696,Điện thoại phổ thông,dien-thoai-pho-thong,90306
1720,Masstel,masstel,90306
2,Root,default-category,65136
3,Điện thoại,mobile,65136
98,Nokia,nokia,65136
3,Điện thoại,mobile,98130
1131,Điện thoại gaming,dien-thoai-gaming,98130
1601,Điện thoại pin trâu,dien-thoai-pin-trau,98130
1602,Điện thoại dung lượng lớn,dien-thoai-dung-luong-lon,98130
1709,Itel,itel,98130
2240,Chuẩn NFC,nfc,98130
3,Điện thoại,mobile,86449
1601,Điện thoại pin trâu,dien-thoai-pin-trau,86449
1797,ZTE,zte,86449
2,Root,default-category,64834
3,Điện thoại,mobile,64834
133,OPPO,oppo,64834
1131,Điện thoại gaming,dien-thoai-gaming,64834
1601,Điện thoại pin trâu,dien-thoai-pin-trau,64834
1605,Điện thoại chụp ảnh/quay phim đẹp,dien-thoai-chup-anh-quay-phim,64834
2240,Chuẩn NFC,nfc,64834
1111,Reno Series,reno-series,64834
2,Root,default-category,65136
3,Điện thoại,mobile,65136
98,Nokia,nokia,65136
3,Điện thoại,mobile,90677
1709,Itel,itel,90677
3,Điện thoại,mobile,86449
1601,Điện thoại pin trâu,dien-thoai-pin-trau,86449
1797,ZTE,zte,86449
2,Root,default-category,88631
3,Điện thoại,mobile,88631
696,Điện thoại phổ thông,dien-thoai-pho-thong,88631
1720,Masstel,masstel,88631
