product_id,name,sku,doc_quyen,manufacturer,url_key,url_path,is_installment,stock_available_id,company_stock_id,is_parent,price,special_price,flash_sale_types,path_image
49568,Apple MacBook Air M2 2024 8CPU 8GPU 16GB 256GB I Chính hãng Apple Việt Nam,macbook-air-m2-2022-16gb,,Apple,macbook-air-m2-2022-16gb,macbook-air-m2-2022-16gb.html,0,46,46,True,24990000.0,21590000.0,,./data_products/images_product/image_product_49568.png
101619,iPad A16 Wifi 128GB 2025 | Chính hãng Apple Việt Nam,ipad-a16-11-inch,,Apple,ipad-a16-11-inch,ipad-a16-11-inch.html,0,46,46,True,9990000.0,9490000.0,,./data_products/images_product/image_product_101619.png
28229,Apple MacBook Air M1 256GB 2020 I Chính hãng Apple Việt Nam,macbook-air-2020-m1,,Apple,macbook-air-2020-m1,macbook-air-2020-m1.html,1,46,46,True,22990000.0,16890000.0,,./data_products/images_product/image_product_28229.png
59258,iPhone 16 Pro Max 256GB | Chính hãng VN/A,iphone-16-pro-max,,Apple,iphone-16-pro-max,iphone-16-pro-max.html,0,46,46,True,34990000.0,30390000.0,,./data_products/images_product/image_product_59258.png
69906,Samsung Galaxy Tab A9+ WIFI 4GB 64GB,samsung-galaxy-tab-a9-plus,,Samsung,samsung-galaxy-tab-a9-plus,samsung-galaxy-tab-a9-plus.html,0,46,46,True,5990000.0,4290000.0,,./data_products/images_product/image_product_69906.png
55189,iPad Gen 10 10.9 inch 2022 Wifi 64GB I Chính hãng Apple Việt Nam,ipad-10-9-inch-2022,,Apple,ipad-10-9-inch-2022,ipad-10-9-inch-2022.html,0,46,46,True,12990000.0,7990000.0,{},./data_products/images_product/image_product_55189.png
101839,MacBook Air M4 13 inch 2025 10CPU 10GPU 16GB 512GB | Chính hãng Apple Việt Nam,apple-macbook-air-13-m4-10cpu-10gpu-16gb-512gb-2025,,Apple,apple-macbook-air-13-m4-10cpu-10gpu-16gb-512gb-2025,apple-macbook-air-13-m4-10cpu-10gpu-16gb-512gb-2025.html,0,46,46,True,31990000.0,0.0,,./data_products/images_product/image_product_101839.png
101832,MacBook Air M4 13 inch 2025 10CPU 8GPU 16GB 256GB | Chính hãng Apple Việt Nam,apple-macbook-air-13-m4-10cpu-8gpu-16gb-256gb-2025,,Apple,apple-macbook-air-13-m4-10cpu-8gpu-16gb-256gb-2025,apple-macbook-air-13-m4-10cpu-8gpu-16gb-256gb-2025.html,0,46,46,True,26990000.0,26590000.0,,./data_products/images_product/image_product_101832.png
84109,Samsung Galaxy S25 Ultra 12GB 256GB,dien-thoai-samsung-galaxy-s25-ultra,,Samsung,dien-thoai-samsung-galaxy-s25-ultra,dien-thoai-samsung-galaxy-s25-ultra.html,0,46,46,True,33990000.0,28990000.0,,./data_products/images_product/image_product_84109.png
84110,Samsung Galaxy S25 256GB,dien-thoai-samsung-galaxy-s25,,Samsung,dien-thoai-samsung-galaxy-s25,dien-thoai-samsung-galaxy-s25.html,0,46,46,True,22990000.0,20290000.0,,./data_products/images_product/image_product_84110.png
67372,Xiaomi Redmi Pad SE Wifi (6GB 128GB),xiaomi-redmi-pad-se,,Xiaomi,xiaomi-redmi-pad-se,xiaomi-redmi-pad-se.html,0,46,46,True,5490000.0,4350000.0,,./data_products/images_product/image_product_67372.png
93958,Mac mini M4 2024 10CPU 10GPU 16GB 256GB | Chính hãng Apple Việt Nam,mac-mini-m4-2024-16gb-256gb,,Apple,mac-mini-m4-2024-16gb-256gb,mac-mini-m4-2024-16gb-256gb.html,0,46,46,True,14990000.0,14690000.0,,./data_products/images_product/image_product_93958.png
69906,Samsung Galaxy Tab A9+ WIFI 4GB 64GB,samsung-galaxy-tab-a9-plus,,Samsung,samsung-galaxy-tab-a9-plus,samsung-galaxy-tab-a9-plus.html,0,46,46,True,5990000.0,4290000.0,,./data_products/images_product/image_product_69906.png
43152,iPhone 15 128GB | Chính hãng VN/A,iphone-15,,Apple,iphone-15,iphone-15.html,0,46,46,True,19990000.0,15690000.0,,./data_products/images_product/image_product_43152.png
58612,OPPO Reno10 Pro+ 5G 12GB 256GB,oppo-reno10-pro-plus,,OPPO,oppo-reno10-pro-plus,oppo-reno10-pro-plus.html,0,46,46,True,19990000.0,10990000.0,,./data_products/images_product/image_product_58612.png
28229,Apple MacBook Air M1 256GB 2020 I Chính hãng Apple Việt Nam,macbook-air-2020-m1,,Apple,macbook-air-2020-m1,macbook-air-2020-m1.html,1,46,46,True,22990000.0,16890000.0,,./data_products/images_product/image_product_28229.png
93647,Máy tính bảng Teclast P30 4GB 64GB,may-tinh-bang-teclast-p30,,Hãng khác,may-tinh-bang-teclast-p30,may-tinh-bang-teclast-p30.html,0,46,46,True,2490000.0,1990000.0,,./data_products/images_product/image_product_93647.png
94083,MacBook Pro 14 M4 10CPU 10GPU 16GB 512GB | Chính hãng Apple Việt Nam,macbook-pro-14-inch-m4-16gb-512gb,,Apple,macbook-pro-14-inch-m4-16gb-512gb,macbook-pro-14-inch-m4-16gb-512gb.html,0,46,46,True,39990000.0,39590000.0,,./data_products/images_product/image_product_94083.png
67372,Xiaomi Redmi Pad SE Wifi (6GB 128GB),xiaomi-redmi-pad-se,,Xiaomi,xiaomi-redmi-pad-se,xiaomi-redmi-pad-se.html,0,46,46,True,5490000.0,4350000.0,,./data_products/images_product/image_product_67372.png
85242,Xiaomi Redmi Note 14 6GB 128GB,dien-thoai-xiaomi-redmi-note-14,,Xiaomi,dien-thoai-xiaomi-redmi-note-14,dien-thoai-xiaomi-redmi-note-14.html,0,46,46,True,4990000.0,4590000.0,,./data_products/images_product/image_product_85242.png
84110,Samsung Galaxy S25 256GB,dien-thoai-samsung-galaxy-s25,,Samsung,dien-thoai-samsung-galaxy-s25,dien-thoai-samsung-galaxy-s25.html,0,46,46,True,22990000.0,20290000.0,,./data_products/images_product/image_product_84110.png
101603,iPad Air 11 inch M3 Wifi 128GB 2025 | Chính hãng Apple Việt Nam,ipad-air-m3-11-inch,,Apple,apple-ipad-air-m3,apple-ipad-air-m3.html,0,46,46,True,16990000.0,16690000.0,,./data_products/images_product/image_product_101603.png
94091,MacBook Pro 14 M4 Pro 12CPU 16GPU 24GB 512GB | Chính hãng Apple Việt Nam,macbook-pro-14-inch-m4-pro-24gb-512gb,,Apple,macbook-pro-14-inch-m4-pro-24gb-512gb,macbook-pro-14-inch-m4-pro-24gb-512gb.html,0,46,46,True,49990000.0,48990000.0,,./data_products/images_product/image_product_94091.png
101839,MacBook Air M4 13 inch 2025 10CPU 10GPU 16GB 512GB | Chính hãng Apple Việt Nam,apple-macbook-air-13-m4-10cpu-10gpu-16gb-512gb-2025,,Apple,apple-macbook-air-13-m4-10cpu-10gpu-16gb-512gb-2025,apple-macbook-air-13-m4-10cpu-10gpu-16gb-512gb-2025.html,0,46,46,True,31990000.0,0.0,,./data_products/images_product/image_product_101839.png
93647,Máy tính bảng Teclast P30 4GB 64GB,may-tinh-bang-teclast-p30,,Hãng khác,may-tinh-bang-teclast-p30,may-tinh-bang-teclast-p30.html,0,46,46,True,2490000.0,1990000.0,,./data_products/images_product/image_product_93647.png
43152,iPhone 15 128GB | Chính hãng VN/A,iphone-15,,Apple,iphone-15,iphone-15.html,0,46,46,True,19990000.0,15690000.0,,./data_products/images_product/image_product_43152.png
88453,Xiaomi 15 5G 12GB 256GB,dien-thoai-xiaomi-15,,Xiaomi,dien-thoai-xiaomi-15,dien-thoai-xiaomi-15.html,0,46,46,True,24990000.0,21990000.0,,./data_products/images_product/image_product_88453.png
76443,Xiaomi 14T Pro 12GB 512GB,xiaomi-14t-pro1,,Xiaomi,xiaomi-14t-pro,xiaomi-14t-pro.html,0,46,46,True,17990000.0,16490000.0,{},./data_products/images_product/image_product_76443.png
97704,Xiaomi Pad 7 8GB 128GB,may-tinh-bang-xiaomi-pad-7,,Xiaomi,may-tinh-bang-xiaomi-pad-7,may-tinh-bang-xiaomi-pad-7.html,0,46,46,True,10490000.0,9690000.0,,./data_products/images_product/image_product_97704.png
93958,Mac mini M4 2024 10CPU 10GPU 16GB 256GB | Chính hãng Apple Việt Nam,mac-mini-m4-2024-16gb-256gb,,Apple,mac-mini-m4-2024-16gb-256gb,mac-mini-m4-2024-16gb-256gb.html,0,46,46,True,14990000.0,14690000.0,,./data_products/images_product/image_product_93958.png
104395,MacBook Air M4 13 inch 2025 10CPU 8GPU 16GB 256GB Sạc 70W | Chính hãng Apple Việt Nam,apple-macbook-air-13-m4-10cpu-8gpu-16gb-256gb-2025-sac-70w,,Apple,apple-macbook-air-13-m4-10cpu-8gpu-16gb-256gb-2025-sac-70w,apple-macbook-air-13-m4-10cpu-8gpu-16gb-256gb-2025-sac-70w.html,0,46,46,True,26990000.0,0.0,,./data_products/images_product/image_product_104395.png
59294,Samsung Galaxy S24 Ultra 12GB 256GB,samsung-galaxy-s24-ultra,,Samsung,samsung-galaxy-s24-ultra,samsung-galaxy-s24-ultra.html,0,46,46,True,33990000.0,24890000.0,{},./data_products/images_product/image_product_59294.png
101603,iPad Air 11 inch M3 Wifi 128GB 2025 | Chính hãng Apple Việt Nam,ipad-air-m3-11-inch,,Apple,apple-ipad-air-m3,apple-ipad-air-m3.html,0,46,46,True,16990000.0,16690000.0,,./data_products/images_product/image_product_101603.png
85242,Xiaomi Redmi Note 14 6GB 128GB,dien-thoai-xiaomi-redmi-note-14,,Xiaomi,dien-thoai-xiaomi-redmi-note-14,dien-thoai-xiaomi-redmi-note-14.html,0,46,46,True,4990000.0,4590000.0,,./data_products/images_product/image_product_85242.png
96195,MacBook Pro 14 M4 10CPU 10GPU 24GB 512GB | Chính hãng Apple Việt Nam,macbook-pro-m4-14-inch-10cpu-10gpu-24gb-512gb,,Apple,macbook-pro-m4-14-inch-10cpu-10gpu-24gb-512gb,macbook-pro-m4-14-inch-10cpu-10gpu-24gb-512gb.html,0,46,46,True,44990000.0,43990000.0,,./data_products/images_product/image_product_96195.png
88453,Xiaomi 15 5G 12GB 256GB,dien-thoai-xiaomi-15,,Xiaomi,dien-thoai-xiaomi-15,dien-thoai-xiaomi-15.html,0,46,46,True,24990000.0,21990000.0,,./data_products/images_product/image_product_88453.png
94083,MacBook Pro 14 M4 10CPU 10GPU 16GB 512GB | Chính hãng Apple Việt Nam,macbook-pro-14-inch-m4-16gb-512gb,,Apple,macbook-pro-14-inch-m4-16gb-512gb,macbook-pro-14-inch-m4-16gb-512gb.html,0,46,46,True,39990000.0,39590000.0,,./data_products/images_product/image_product_94083.png
45060,iPad mini 7 2024 Wifi 128GB | Chính hãng Apple Việt Nam,ipad-mini-7,,Apple,ipad-mini-7,ipad-mini-7.html,0,46,46,True,13990000.0,13850000.0,,./data_products/images_product/image_product_45060.png
100854,Nubia Neo 3 4G 8GB 128GB,dien-thoai-nubia-neo-3-4g,,Hãng khác,dien-thoai-nubia-neo-3-4g,dien-thoai-nubia-neo-3-4g.html,0,46,46,True,4490000.0,3990000.0,,./data_products/images_product/image_product_100854.png
93960,Mac mini M4 2024 10CPU 10GPU 16GB 512GB | Chính hãng Apple Việt Nam,mac-mini-m4-2024-16gb-512gb,,Apple,mac-mini-m4-2024-16gb-512gb,mac-mini-m4-2024-16gb-512gb.html,0,46,46,True,19990000.0,0.0,,./data_products/images_product/image_product_93960.png
97704,Xiaomi Pad 7 8GB 128GB,may-tinh-bang-xiaomi-pad-7,,Xiaomi,may-tinh-bang-xiaomi-pad-7,may-tinh-bang-xiaomi-pad-7.html,0,46,46,True,10490000.0,9690000.0,,./data_products/images_product/image_product_97704.png
66253,Samsung Galaxy Tab S9 FE 5G 6GB 128GB - Chỉ có tại CellphoneS,samsung-galaxy-tab-s9-fe,,Samsung,samsung-galaxy-tab-s9-fe,samsung-galaxy-tab-s9-fe.html,0,46,46,True,12990000.0,11490000.0,{},./data_products/images_product/image_product_66253.png
76443,Xiaomi 14T Pro 12GB 512GB,xiaomi-14t-pro1,,Xiaomi,xiaomi-14t-pro,xiaomi-14t-pro.html,0,46,46,True,17990000.0,16490000.0,{},./data_products/images_product/image_product_76443.png
93962,Mac mini M4 Pro 2024 12CPU 16GPU 24GB 512GB | Chính hãng Apple Việt Nam,mac-mini-m4-pro-2024-24gb-512gb,,Apple,mac-mini-m4-pro-2024-24gb-512gb,mac-mini-m4-pro-2024-24gb-512gb.html,0,46,46,True,34990000.0,33990000.0,,./data_products/images_product/image_product_93962.png
45060,iPad mini 7 2024 Wifi 128GB | Chính hãng Apple Việt Nam,ipad-mini-7,,Apple,ipad-mini-7,ipad-mini-7.html,0,46,46,True,13990000.0,13850000.0,,./data_products/images_product/image_product_45060.png
94091,MacBook Pro 14 M4 Pro 12CPU 16GPU 24GB 512GB | Chính hãng Apple Việt Nam,macbook-pro-14-inch-m4-pro-24gb-512gb,,Apple,macbook-pro-14-inch-m4-pro-24gb-512gb,macbook-pro-14-inch-m4-pro-24gb-512gb.html,0,46,46,True,49990000.0,48990000.0,,./data_products/images_product/image_product_94091.png
43151,iPhone 15 Pro Max 256GB | Chính hãng VN/A,iphone-15-pro-max,,Apple,iphone-15-pro-max,iphone-15-pro-max.html,0,46,46,True,34990000.0,28590000.0,,./data_products/images_product/image_product_43151.png
94090,MacBook Pro 14 M4 10CPU 10GPU 24GB 1TB | Chính hãng Apple Việt Nam,macbook-pro-14-inch-m4-24gb-1tb,,Apple,macbook-pro-14-inch-m4-24gb-1tb,macbook-pro-14-inch-m4-24gb-1tb.html,0,46,46,True,49990000.0,48690000.0,,./data_products/images_product/image_product_94090.png
66253,Samsung Galaxy Tab S9 FE 5G 6GB 128GB - Chỉ có tại CellphoneS,samsung-galaxy-tab-s9-fe,,Samsung,samsung-galaxy-tab-s9-fe,samsung-galaxy-tab-s9-fe.html,0,46,46,True,12990000.0,11490000.0,{},./data_products/images_product/image_product_66253.png
65139,Samsung Galaxy Tab S9 Wifi 12GB 256GB,samsung-galaxy-tab-s9-wifi-12gb-256gb,,Samsung,samsung-galaxy-tab-s9-wifi-12gb-256gb,samsung-galaxy-tab-s9-wifi-12gb-256gb.html,0,46,46,True,21990000.0,15490000.0,,./data_products/images_product/image_product_65139.png
59294,Samsung Galaxy S24 Ultra 12GB 256GB,samsung-galaxy-s24-ultra,,Samsung,samsung-galaxy-s24-ultra,samsung-galaxy-s24-ultra.html,0,46,46,True,33990000.0,24890000.0,{},./data_products/images_product/image_product_59294.png
104395,MacBook Air M4 13 inch 2025 10CPU 8GPU 16GB 256GB Sạc 70W | Chính hãng Apple Việt Nam,apple-macbook-air-13-m4-10cpu-8gpu-16gb-256gb-2025-sac-70w,,Apple,apple-macbook-air-13-m4-10cpu-8gpu-16gb-256gb-2025-sac-70w,apple-macbook-air-13-m4-10cpu-8gpu-16gb-256gb-2025-sac-70w.html,0,46,46,True,26990000.0,0.0,,./data_products/images_product/image_product_104395.png
65920,Samsung Galaxy Z Flip6 12GB 256GB,samsung-galaxy-z-flip-6,,Samsung,samsung-galaxy-z-flip-6,samsung-galaxy-z-flip-6.html,0,46,46,True,28990000.0,19490000.0,{},./data_products/images_product/image_product_65920.png
101626,iPad A16 Wifi 256GB 2025 | Chính hãng Apple Việt Nam,ipad-a16-11-inch-256gb,,Apple,ipad-a16-11-inch-256gb,ipad-a16-11-inch-256gb.html,0,46,46,True,12490000.0,12190000.0,,./data_products/images_product/image_product_101626.png
96195,MacBook Pro 14 M4 10CPU 10GPU 24GB 512GB | Chính hãng Apple Việt Nam,macbook-pro-m4-14-inch-10cpu-10gpu-24gb-512gb,,Apple,macbook-pro-m4-14-inch-10cpu-10gpu-24gb-512gb,macbook-pro-m4-14-inch-10cpu-10gpu-24gb-512gb.html,0,46,46,True,44990000.0,43990000.0,,./data_products/images_product/image_product_96195.png
36242,iPhone 13 128GB | Chính hãng VN/A,iphone-13,,Apple,iphone-13,iphone-13.html,1,46,46,True,13990000.0,11690000.0,,./data_products/images_product/image_product_36242.png
65139,Samsung Galaxy Tab S9 Wifi 12GB 256GB,samsung-galaxy-tab-s9-wifi-12gb-256gb,,Samsung,samsung-galaxy-tab-s9-wifi-12gb-256gb,samsung-galaxy-tab-s9-wifi-12gb-256gb.html,0,46,46,True,21990000.0,15490000.0,,./data_products/images_product/image_product_65139.png
100854,Nubia Neo 3 4G 8GB 128GB,dien-thoai-nubia-neo-3-4g,,Hãng khác,dien-thoai-nubia-neo-3-4g,dien-thoai-nubia-neo-3-4g.html,0,46,46,True,4490000.0,3990000.0,,./data_products/images_product/image_product_100854.png
84925,Huawei MatePad SE 11 inch 6GB 128GB,may-tinh-bang-huawei-matepad-se-11-inch,,Huawei,may-tinh-bang-huawei-matepad-se-11-inch,may-tinh-bang-huawei-matepad-se-11-inch.html,0,46,46,True,5490000.0,4790000.0,{},./data_products/images_product/image_product_84925.png
101626,iPad A16 Wifi 256GB 2025 | Chính hãng Apple Việt Nam,ipad-a16-11-inch-256gb,,Apple,ipad-a16-11-inch-256gb,ipad-a16-11-inch-256gb.html,0,46,46,True,12490000.0,12190000.0,,./data_products/images_product/image_product_101626.png
88519,Xiaomi Pad 6 6GB 128GB - Chỉ có tại CellphoneS,xiaomi-mi-pad-6-6gb-128gb,,Xiaomi,xiaomi-mi-pad-6-6gb-128gb,xiaomi-mi-pad-6-6gb-128gb.html,0,46,46,True,9290000.0,7090000.0,,./data_products/images_product/image_product_88519.png
59257,iPhone 16 Pro 128GB | Chính hãng VN/A,iphone-16-pro,,Apple,iphone-16-pro,iphone-16-pro.html,0,46,46,True,28990000.0,24990000.0,,./data_products/images_product/image_product_59257.png
93960,Mac mini M4 2024 10CPU 10GPU 16GB 512GB | Chính hãng Apple Việt Nam,mac-mini-m4-2024-16gb-512gb,,Apple,mac-mini-m4-2024-16gb-512gb,mac-mini-m4-2024-16gb-512gb.html,0,46,46,True,19990000.0,0.0,,./data_products/images_product/image_product_93960.png
43151,iPhone 15 Pro Max 256GB | Chính hãng VN/A,iphone-15-pro-max,,Apple,iphone-15-pro-max,iphone-15-pro-max.html,0,46,46,True,34990000.0,28590000.0,,./data_products/images_product/image_product_43151.png
59254,iPhone 16 128GB | Chính hãng VN/A,iphone-16,,Apple,iphone-16,iphone-16.html,0,46,46,True,22990000.0,18890000.0,,./data_products/images_product/image_product_59254.png
93962,Mac mini M4 Pro 2024 12CPU 16GPU 24GB 512GB | Chính hãng Apple Việt Nam,mac-mini-m4-pro-2024-24gb-512gb,,Apple,mac-mini-m4-pro-2024-24gb-512gb,mac-mini-m4-pro-2024-24gb-512gb.html,0,46,46,True,34990000.0,33990000.0,,./data_products/images_product/image_product_93962.png
80611,Máy tính bảng Huawei MatePad (Papermatte) 11.5 inch 2025 8GB 256GB - Kèm bàn phím,may-tinh-bang-huawei-matepad-11-5-inch,,Huawei,may-tinh-bang-huawei-matepad-11-5-inch,may-tinh-bang-huawei-matepad-11-5-inch.html,0,46,46,True,9490000.0,8990000.0,,./data_products/images_product/image_product_80611.png
84925,Huawei MatePad SE 11 inch 6GB 128GB,may-tinh-bang-huawei-matepad-se-11-inch,,Huawei,may-tinh-bang-huawei-matepad-se-11-inch,may-tinh-bang-huawei-matepad-se-11-inch.html,0,46,46,True,5490000.0,4790000.0,{},./data_products/images_product/image_product_84925.png
65920,Samsung Galaxy Z Flip6 12GB 256GB,samsung-galaxy-z-flip-6,,Samsung,samsung-galaxy-z-flip-6,samsung-galaxy-z-flip-6.html,0,46,46,True,28990000.0,19490000.0,{},./data_products/images_product/image_product_65920.png
36242,iPhone 13 128GB | Chính hãng VN/A,iphone-13,,Apple,iphone-13,iphone-13.html,1,46,46,True,13990000.0,11690000.0,,./data_products/images_product/image_product_36242.png
99364,Xiaomi POCO X7 Pro 5G 12GB 256GB - Chỉ có tại CellphoneS,dien-thoai-poco-x7-pro-5g,,Xiaomi,dien-thoai-poco-x7-pro-5g,dien-thoai-poco-x7-pro-5g.html,0,46,46,True,9990000.0,9190000.0,,./data_products/images_product/image_product_99364.png
86838,Máy Tính Bảng Huawei Matepad 11.5''S 8GB 256GB Xám,may-tinh-bang-huawei-matepad-11-5-s,,Huawei,may-tinh-bang-huawei-matepad-11-5-s,may-tinh-bang-huawei-matepad-11-5-s.html,0,46,46,True,14490000.0,12490000.0,{},./data_products/images_product/image_product_86838.png
94090,MacBook Pro 14 M4 10CPU 10GPU 24GB 1TB | Chính hãng Apple Việt Nam,macbook-pro-14-inch-m4-24gb-1tb,,Apple,macbook-pro-14-inch-m4-24gb-1tb,macbook-pro-14-inch-m4-24gb-1tb.html,0,46,46,True,49990000.0,48690000.0,,./data_products/images_product/image_product_94090.png
88519,Xiaomi Pad 6 6GB 128GB - Chỉ có tại CellphoneS,xiaomi-mi-pad-6-6gb-128gb,,Xiaomi,xiaomi-mi-pad-6-6gb-128gb,xiaomi-mi-pad-6-6gb-128gb.html,0,46,46,True,9290000.0,7090000.0,,./data_products/images_product/image_product_88519.png
59257,iPhone 16 Pro 128GB | Chính hãng VN/A,iphone-16-pro,,Apple,iphone-16-pro,iphone-16-pro.html,0,46,46,True,28990000.0,24990000.0,,./data_products/images_product/image_product_59257.png
100812,iPhone 16e 128GB | Chính hãng VN/A,iphone-16e,,Apple,iphone-16e,iphone-16e.html,0,46,46,True,16990000.0,16190000.0,,./data_products/images_product/image_product_100812.png
101612,iPad Air 11 inch M3 Wifi 256GB 2025 | Chính hãng Apple Việt Nam,apple-ipad-air-m3,,Apple,ipad-air-m3-11-inch-256gb,ipad-air-m3-11-inch-256gb.html,0,46,46,True,19490000.0,19290000.0,,./data_products/images_product/image_product_101612.png
99768,Samsung Galaxy A56 5G 8GB 128GB,dien-thoai-samsung-galaxy-a56,,Samsung,dien-thoai-samsung-galaxy-a56,dien-thoai-samsung-galaxy-a56.html,0,46,46,True,9990000.0,9490000.0,,./data_products/images_product/image_product_99768.png
59254,iPhone 16 128GB | Chính hãng VN/A,iphone-16,,Apple,iphone-16,iphone-16.html,0,46,46,True,22990000.0,18890000.0,,./data_products/images_product/image_product_59254.png
80611,Máy tính bảng Huawei MatePad (Papermatte) 11.5 inch 2025 8GB 256GB - Kèm bàn phím,may-tinh-bang-huawei-matepad-11-5-inch,,Huawei,may-tinh-bang-huawei-matepad-11-5-inch,may-tinh-bang-huawei-matepad-11-5-inch.html,0,46,46,True,9490000.0,8990000.0,,./data_products/images_product/image_product_80611.png
99364,Xiaomi POCO X7 Pro 5G 12GB 256GB - Chỉ có tại CellphoneS,dien-thoai-poco-x7-pro-5g,,Xiaomi,dien-thoai-poco-x7-pro-5g,dien-thoai-poco-x7-pro-5g.html,0,46,46,True,9990000.0,9190000.0,,./data_products/images_product/image_product_99364.png
86838,Máy Tính Bảng Huawei Matepad 11.5''S 8GB 256GB Xám,may-tinh-bang-huawei-matepad-11-5-s,,Huawei,may-tinh-bang-huawei-matepad-11-5-s,may-tinh-bang-huawei-matepad-11-5-s.html,0,46,46,True,14490000.0,12490000.0,{},./data_products/images_product/image_product_86838.png
93648,Máy tính bảng Teclast T50 Plus 6GB 256GB,may-tinh-bang-teclast-t50-plus,,Hãng khác,may-tinh-bang-teclast-t50-plus,may-tinh-bang-teclast-t50-plus.html,0,46,46,True,4990000.0,3990000.0,,./data_products/images_product/image_product_93648.png
76439,Xiaomi 14T 12GB 512GB,xiaomi-14t,,Xiaomi,xiaomi-14t,xiaomi-14t.html,0,46,46,True,13990000.0,12490000.0,,./data_products/images_product/image_product_76439.png
104324,Samsung Galaxy Tab S10 FE Wifi 8GB 128GB,may-tinh-bang-samsung-galaxy-tab-s10-fe-wifi,,Samsung,may-tinh-bang-samsung-galaxy-tab-s10-fe-wifi,may-tinh-bang-samsung-galaxy-tab-s10-fe-wifi.html,0,46,46,True,11990000.0,0.0,,./data_products/images_product/image_product_104324.png
101612,iPad Air 11 inch M3 Wifi 256GB 2025 | Chính hãng Apple Việt Nam,apple-ipad-air-m3,,Apple,ipad-air-m3-11-inch-256gb,ipad-air-m3-11-inch-256gb.html,0,46,46,True,19490000.0,19290000.0,,./data_products/images_product/image_product_101612.png
100812,iPhone 16e 128GB | Chính hãng VN/A,iphone-16e,,Apple,iphone-16e,iphone-16e.html,0,46,46,True,16990000.0,16190000.0,,./data_products/images_product/image_product_100812.png
101624,iPad A16 5G 128GB 2025 | Chính hãng Apple Việt Nam,ipad-a16-11-inch-5g,,Apple,ipad-a16-11-inch-5g,ipad-a16-11-inch-5g.html,0,46,46,True,13990000.0,13690000.0,,./data_products/images_product/image_product_101624.png
93648,Máy tính bảng Teclast T50 Plus 6GB 256GB,may-tinh-bang-teclast-t50-plus,,Hãng khác,may-tinh-bang-teclast-t50-plus,may-tinh-bang-teclast-t50-plus.html,0,46,46,True,4990000.0,3990000.0,,./data_products/images_product/image_product_93648.png
31495,iPhone 14 128GB  | Chính hãng VN/A,iphone-14,Không,Apple,iphone-14,iphone-14.html,0,46,46,True,14990000.0,12590000.0,,./data_products/images_product/image_product_31495.png
88342,Samsung Galaxy Tab S10 Plus 5G 12GB 256GB,may-tinh-bang-samsung-galaxy-tab-s10-plus-5g,,Samsung,may-tinh-bang-samsung-galaxy-tab-s10-plus-5g,may-tinh-bang-samsung-galaxy-tab-s10-plus-5g.html,0,46,46,True,28990000.0,22190000.0,,./data_products/images_product/image_product_88342.png
99768,Samsung Galaxy A56 5G 8GB 128GB,dien-thoai-samsung-galaxy-a56,,Samsung,dien-thoai-samsung-galaxy-a56,dien-thoai-samsung-galaxy-a56.html,0,46,46,True,9990000.0,9490000.0,,./data_products/images_product/image_product_99768.png
104324,Samsung Galaxy Tab S10 FE Wifi 8GB 128GB,may-tinh-bang-samsung-galaxy-tab-s10-fe-wifi,,Samsung,may-tinh-bang-samsung-galaxy-tab-s10-fe-wifi,may-tinh-bang-samsung-galaxy-tab-s10-fe-wifi.html,0,46,46,True,11990000.0,0.0,,./data_products/images_product/image_product_104324.png
92982,iPad mini 7 2024 Wifi 256GB | Chính hãng Apple Việt Nam,ipad-mini-7-256gb,,Apple,ipad-mini-7-256gb,ipad-mini-7-256gb.html,0,46,46,True,16490000.0,0.0,,./data_products/images_product/image_product_92982.png
99767,Samsung Galaxy A36 5G 8GB 128GB,dien-thoai-samsung-galaxy-a36,,Samsung,dien-thoai-samsung-galaxy-a36,dien-thoai-samsung-galaxy-a36.html,0,46,46,True,8290000.0,7690000.0,,./data_products/images_product/image_product_99767.png
76439,Xiaomi 14T 12GB 512GB,xiaomi-14t,,Xiaomi,xiaomi-14t,xiaomi-14t.html,0,46,46,True,13990000.0,12490000.0,,./data_products/images_product/image_product_76439.png
101624,iPad A16 5G 128GB 2025 | Chính hãng Apple Việt Nam,ipad-a16-11-inch-5g,,Apple,ipad-a16-11-inch-5g,ipad-a16-11-inch-5g.html,0,46,46,True,13990000.0,13690000.0,,./data_products/images_product/image_product_101624.png
91088,Xiaomi Pad 6S Pro Wifi 8GB 256GB,may-tinh-bang-xiaomi-pad-6s-pro,,Xiaomi,may-tinh-bang-xiaomi-pad-6s-pro,may-tinh-bang-xiaomi-pad-6s-pro.html,0,46,46,True,14990000.0,13490000.0,,./data_products/images_product/image_product_91088.png
101116,Samsung Galaxy M55 5G 8GB 256GB,dien-thoai-samsung-galaxy-m55-5g-8gb-256gb,,Samsung,dien-thoai-samsung-galaxy-m55-5g-8gb-256gb,dien-thoai-samsung-galaxy-m55-5g-8gb-256gb.html,0,46,46,True,10190000.0,7690000.0,,./data_products/images_product/image_product_101116.png
81803,iPad Air 6 M2 13 inch Wifi 128GB I Chính hãng Apple Việt Nam,ipad-air-6-m2-13-inch,,Apple,ipad-air-6-m2-13-inch,ipad-air-6-m2-13-inch.html,0,46,46,True,22490000.0,19990000.0,,./data_products/images_product/image_product_81803.png
59255,iPhone 16 Plus 128GB | Chính hãng VN/A,iphone-16-plus,,Apple,iphone-16-plus,iphone-16-plus.html,0,46,46,True,25990000.0,22090000.0,,./data_products/images_product/image_product_59255.png
88342,Samsung Galaxy Tab S10 Plus 5G 12GB 256GB,may-tinh-bang-samsung-galaxy-tab-s10-plus-5g,,Samsung,may-tinh-bang-samsung-galaxy-tab-s10-plus-5g,may-tinh-bang-samsung-galaxy-tab-s10-plus-5g.html,0,46,46,True,28990000.0,22190000.0,,./data_products/images_product/image_product_88342.png
31495,iPhone 14 128GB  | Chính hãng VN/A,iphone-14,Không,Apple,iphone-14,iphone-14.html,0,46,46,True,14990000.0,12590000.0,,./data_products/images_product/image_product_31495.png
79329,"Máy Tính Bảng Lenovo Tab M11 Wifi 4GB 128GB ZADA0311VN - Kèm bút, bao da",may-tinh-bang-lenovo-tab-m11-128gb,,Lenovo,may-tinh-bang-lenovo-tab-m11-128gb,may-tinh-bang-lenovo-tab-m11-128gb.html,0,46,46,True,5790000.0,4690000.0,,./data_products/images_product/image_product_79329.png
67006,iPhone 15 Plus 128GB | Chính hãng VN/A,iphone-15-plus,,Apple,iphone-15-plus,iphone-15-plus.html,0,46,46,True,22990000.0,19190000.0,,./data_products/images_product/image_product_67006.png
87242,Nubia Music NFC 4GB 128GB (Bản đặc biệt),dien-thoai-nubia-music,,Hãng khác,dien-thoai-nubia-music,dien-thoai-nubia-music.html,0,46,46,True,2490000.0,2090000.0,,./data_products/images_product/image_product_87242.png
92982,iPad mini 7 2024 Wifi 256GB | Chính hãng Apple Việt Nam,ipad-mini-7-256gb,,Apple,ipad-mini-7-256gb,ipad-mini-7-256gb.html,0,46,46,True,16490000.0,0.0,,./data_products/images_product/image_product_92982.png
99767,Samsung Galaxy A36 5G 8GB 128GB,dien-thoai-samsung-galaxy-a36,,Samsung,dien-thoai-samsung-galaxy-a36,dien-thoai-samsung-galaxy-a36.html,0,46,46,True,8290000.0,7690000.0,,./data_products/images_product/image_product_99767.png
85477,Máy tính bảng Teclast M50 6GB/128GB,may-tinh-bang-teclast-m50,,Hãng khác,may-tinh-bang-teclast-m50,may-tinh-bang-teclast-m50.html,0,46,46,True,2990000.0,0.0,,./data_products/images_product/image_product_85477.png
101116,Samsung Galaxy M55 5G 8GB 256GB,dien-thoai-samsung-galaxy-m55-5g-8gb-256gb,,Samsung,dien-thoai-samsung-galaxy-m55-5g-8gb-256gb,dien-thoai-samsung-galaxy-m55-5g-8gb-256gb.html,0,46,46,True,10190000.0,7690000.0,,./data_products/images_product/image_product_101116.png
88343,Samsung Galaxy Tab S10 Ultra 5G 12GB 256GB,may-tinh-bang-samsung-galaxy-tab-s10-ultra-5g,,Samsung,may-tinh-bang-samsung-galaxy-tab-s10-ultra-5g,may-tinh-bang-samsung-galaxy-tab-s10-ultra-5g.html,0,46,46,True,33990000.0,27090000.0,,./data_products/images_product/image_product_88343.png
90116,iPhone 16 Pro Max 512GB | Chính hãng VN/A,iphone-16-pro-max-512gb,,Apple,iphone-16-pro-max-512gb,iphone-16-pro-max-512gb.html,0,46,46,True,40990000.0,37190000.0,,./data_products/images_product/image_product_90116.png
91088,Xiaomi Pad 6S Pro Wifi 8GB 256GB,may-tinh-bang-xiaomi-pad-6s-pro,,Xiaomi,may-tinh-bang-xiaomi-pad-6s-pro,may-tinh-bang-xiaomi-pad-6s-pro.html,0,46,46,True,14990000.0,13490000.0,,./data_products/images_product/image_product_91088.png
100192,Máy Tính Bảng Lenovo Tab Wifi 4GB 64GB ZAEH0147VN - Kèm bao da,may-tinh-bang-lenovo-tab-4gb-64gb-zaeh0147vn-kem-bao-da,,Lenovo,may-tinh-bang-lenovo-tab-4gb-64gb-zaeh0147vn-kem-bao-da,may-tinh-bang-lenovo-tab-4gb-64gb-zaeh0147vn-kem-bao-da.html,0,46,46,True,3490000.0,0.0,,./data_products/images_product/image_product_100192.png
59255,iPhone 16 Plus 128GB | Chính hãng VN/A,iphone-16-plus,,Apple,iphone-16-plus,iphone-16-plus.html,0,46,46,True,25990000.0,22090000.0,,./data_products/images_product/image_product_59255.png
92993,Nothing Phone 2A 5G 8GB 128GB - Chỉ có tại CellphoneS,dien-thoai-nothing-phone-2a,,Hãng khác,dien-thoai-nothing-phone-2a,dien-thoai-nothing-phone-2a.html,0,46,46,True,8990000.0,6790000.0,,./data_products/images_product/image_product_92993.png
81803,iPad Air 6 M2 13 inch Wifi 128GB I Chính hãng Apple Việt Nam,ipad-air-6-m2-13-inch,,Apple,ipad-air-6-m2-13-inch,ipad-air-6-m2-13-inch.html,0,46,46,True,22490000.0,19990000.0,,./data_products/images_product/image_product_81803.png
101623,iPad Air 13 inch M3 Wifi 128GB 2025 | Chính hãng Apple Việt Nam,ipad-air-m3-13-inch,,Apple,ipad-air-m3-13-inch,ipad-air-m3-13-inch.html,0,46,46,True,22490000.0,21990000.0,,./data_products/images_product/image_product_101623.png
67006,iPhone 15 Plus 128GB | Chính hãng VN/A,iphone-15-plus,,Apple,iphone-15-plus,iphone-15-plus.html,0,46,46,True,22990000.0,19190000.0,,./data_products/images_product/image_product_67006.png
89477,Máy tính bảng Teclast Mini M50 6GB/128GB,may-tinh-bang-teclast-m50-mini-xanh,,Hãng khác,may-tinh-bang-teclast-m50-mini,may-tinh-bang-teclast-m50-mini.html,0,46,46,True,2990000.0,2790000.0,,./data_products/images_product/image_product_89477.png
90118,iPhone 16 Pro 256GB | Chính hãng VN/A,iphone-16-pro-256gb,,Apple,iphone-16-pro-256gb,iphone-16-pro-256gb.html,0,46,46,True,31990000.0,27990000.0,,./data_products/images_product/image_product_90118.png
79329,"Máy Tính Bảng Lenovo Tab M11 Wifi 4GB 128GB ZADA0311VN - Kèm bút, bao da",may-tinh-bang-lenovo-tab-m11-128gb,,Lenovo,may-tinh-bang-lenovo-tab-m11-128gb,may-tinh-bang-lenovo-tab-m11-128gb.html,0,46,46,True,5790000.0,4690000.0,,./data_products/images_product/image_product_79329.png
87242,Nubia Music NFC 4GB 128GB (Bản đặc biệt),dien-thoai-nubia-music,,Hãng khác,dien-thoai-nubia-music,dien-thoai-nubia-music.html,0,46,46,True,2490000.0,2090000.0,,./data_products/images_product/image_product_87242.png
100044,Máy đọc sách Kindle Paperwhite 6 16GB (Bản không quảng cáo),may-doc-sach-kindle-paperwhite-6-16gb-khong-quang-cao,,Kindle,may-doc-sach-kindle-paperwhite-6-16gb-khong-quang-cao,may-doc-sach-kindle-paperwhite-6-16gb-khong-quang-cao.html,0,46,46,True,6490000.0,5590000.0,,./data_products/images_product/image_product_100044.png
90116,iPhone 16 Pro Max 512GB | Chính hãng VN/A,iphone-16-pro-max-512gb,,Apple,iphone-16-pro-max-512gb,iphone-16-pro-max-512gb.html,0,46,46,True,40990000.0,37190000.0,,./data_products/images_product/image_product_90116.png
82062,Xiaomi POCO M6 6GB 128GB - Chỉ có tại CellphoneS,dien-thoai-xiaomi-poco-m6,,Xiaomi,dien-thoai-xiaomi-poco-m6,dien-thoai-xiaomi-poco-m6.html,0,46,46,True,4290000.0,3090000.0,,./data_products/images_product/image_product_82062.png
85477,Máy tính bảng Teclast M50 6GB/128GB,may-tinh-bang-teclast-m50,,Hãng khác,may-tinh-bang-teclast-m50,may-tinh-bang-teclast-m50.html,0,46,46,True,2990000.0,0.0,,./data_products/images_product/image_product_85477.png
92993,Nothing Phone 2A 5G 8GB 128GB - Chỉ có tại CellphoneS,dien-thoai-nothing-phone-2a,,Hãng khác,dien-thoai-nothing-phone-2a,dien-thoai-nothing-phone-2a.html,0,46,46,True,8990000.0,6790000.0,,./data_products/images_product/image_product_92993.png
88563,Samsung Galaxy A16 5G 8GB 128GB,dien-thoai-samsung-galaxy-a16,,Samsung,dien-thoai-samsung-galaxy-a16,dien-thoai-samsung-galaxy-a16.html,0,46,46,True,6090000.0,0.0,,./data_products/images_product/image_product_88563.png
88343,Samsung Galaxy Tab S10 Ultra 5G 12GB 256GB,may-tinh-bang-samsung-galaxy-tab-s10-ultra-5g,,Samsung,may-tinh-bang-samsung-galaxy-tab-s10-ultra-5g,may-tinh-bang-samsung-galaxy-tab-s10-ultra-5g.html,0,46,46,True,33990000.0,27090000.0,,./data_products/images_product/image_product_88343.png
90118,iPhone 16 Pro 256GB | Chính hãng VN/A,iphone-16-pro-256gb,,Apple,iphone-16-pro-256gb,iphone-16-pro-256gb.html,0,46,46,True,31990000.0,27990000.0,,./data_products/images_product/image_product_90118.png
91991,Xiaomi Redmi Note 14 Pro Plus 5G 8GB 256GB,dien-thoai-xiaomi-redmi-note-14-pro-plus,,Xiaomi,dien-thoai-xiaomi-redmi-note-14-pro-plus,dien-thoai-xiaomi-redmi-note-14-pro-plus.html,0,46,46,True,10990000.0,9690000.0,,./data_products/images_product/image_product_91991.png
100192,Máy Tính Bảng Lenovo Tab Wifi 4GB 64GB ZAEH0147VN - Kèm bao da,may-tinh-bang-lenovo-tab-4gb-64gb-zaeh0147vn-kem-bao-da,,Lenovo,may-tinh-bang-lenovo-tab-4gb-64gb-zaeh0147vn-kem-bao-da,may-tinh-bang-lenovo-tab-4gb-64gb-zaeh0147vn-kem-bao-da.html,0,46,46,True,3490000.0,0.0,,./data_products/images_product/image_product_100192.png
82062,Xiaomi POCO M6 6GB 128GB - Chỉ có tại CellphoneS,dien-thoai-xiaomi-poco-m6,,Xiaomi,dien-thoai-xiaomi-poco-m6,dien-thoai-xiaomi-poco-m6.html,0,46,46,True,4290000.0,3090000.0,,./data_products/images_product/image_product_82062.png
101623,iPad Air 13 inch M3 Wifi 128GB 2025 | Chính hãng Apple Việt Nam,ipad-air-m3-13-inch,,Apple,ipad-air-m3-13-inch,ipad-air-m3-13-inch.html,0,46,46,True,22490000.0,21990000.0,,./data_products/images_product/image_product_101623.png
68866,iPhone 15 256GB | Chính hãng VN/A,iphone-15-256gb,,Apple,iphone-15-256gb,iphone-15-256gb.html,0,46,46,True,22990000.0,18790000.0,,./data_products/images_product/image_product_68866.png
88563,Samsung Galaxy A16 5G 8GB 128GB,dien-thoai-samsung-galaxy-a16,,Samsung,dien-thoai-samsung-galaxy-a16,dien-thoai-samsung-galaxy-a16.html,0,46,46,True,6090000.0,0.0,,./data_products/images_product/image_product_88563.png
89477,Máy tính bảng Teclast Mini M50 6GB/128GB,may-tinh-bang-teclast-m50-mini-xanh,,Hãng khác,may-tinh-bang-teclast-m50-mini,may-tinh-bang-teclast-m50-mini.html,0,46,46,True,2990000.0,2790000.0,,./data_products/images_product/image_product_89477.png
99738,Samsung Galaxy A26 5G 8GB 128GB,dien-thoai-samsung-galaxy-a26,,Samsung,dien-thoai-samsung-galaxy-a26,dien-thoai-samsung-galaxy-a26.html,0,46,46,True,6990000.0,6690000.0,,./data_products/images_product/image_product_99738.png
100044,Máy đọc sách Kindle Paperwhite 6 16GB (Bản không quảng cáo),may-doc-sach-kindle-paperwhite-6-16gb-khong-quang-cao,,Kindle,may-doc-sach-kindle-paperwhite-6-16gb-khong-quang-cao,may-doc-sach-kindle-paperwhite-6-16gb-khong-quang-cao.html,0,46,46,True,6490000.0,5590000.0,,./data_products/images_product/image_product_100044.png
91991,Xiaomi Redmi Note 14 Pro Plus 5G 8GB 256GB,dien-thoai-xiaomi-redmi-note-14-pro-plus,,Xiaomi,dien-thoai-xiaomi-redmi-note-14-pro-plus,dien-thoai-xiaomi-redmi-note-14-pro-plus.html,0,46,46,True,10990000.0,9690000.0,,./data_products/images_product/image_product_91991.png
102428,Xiaomi Redmi Note 14 5G 8GB 256GB,dien-thoai-xiaomi-redmi-note-14-5g,,Xiaomi,dien-thoai-xiaomi-redmi-note-14-5g,dien-thoai-xiaomi-redmi-note-14-5g.html,0,46,46,True,7290000.0,0.0,,./data_products/images_product/image_product_102428.png
68866,iPhone 15 256GB | Chính hãng VN/A,iphone-15-256gb,,Apple,iphone-15-256gb,iphone-15-256gb.html,0,46,46,True,22990000.0,18790000.0,,./data_products/images_product/image_product_68866.png
99738,Samsung Galaxy A26 5G 8GB 128GB,dien-thoai-samsung-galaxy-a26,,Samsung,dien-thoai-samsung-galaxy-a26,dien-thoai-samsung-galaxy-a26.html,0,46,46,True,6990000.0,6690000.0,,./data_products/images_product/image_product_99738.png
93817,Nothing Phone 2A 5G 12GB 256GB - Chỉ có tại CellphoneS,dien-thoai-nothing-phone-2a-12gb-256gb,,Hãng khác,dien-thoai-nothing-phone-2a-12gb-256gb,dien-thoai-nothing-phone-2a-12gb-256gb.html,0,46,46,True,10190000.0,7990000.0,,./data_products/images_product/image_product_93817.png
102428,Xiaomi Redmi Note 14 5G 8GB 256GB,dien-thoai-xiaomi-redmi-note-14-5g,,Xiaomi,dien-thoai-xiaomi-redmi-note-14-5g,dien-thoai-xiaomi-redmi-note-14-5g.html,0,46,46,True,7290000.0,0.0,,./data_products/images_product/image_product_102428.png
85280,OPPO Find X8 16GB 512GB,dien-thoai-oppo-find-x8,,OPPO,dien-thoai-oppo-find-x8,dien-thoai-oppo-find-x8.html,0,46,46,True,22990000.0,21990000.0,,./data_products/images_product/image_product_85280.png
93817,Nothing Phone 2A 5G 12GB 256GB - Chỉ có tại CellphoneS,dien-thoai-nothing-phone-2a-12gb-256gb,,Hãng khác,dien-thoai-nothing-phone-2a-12gb-256gb,dien-thoai-nothing-phone-2a-12gb-256gb.html,0,46,46,True,10190000.0,7990000.0,,./data_products/images_product/image_product_93817.png
90117,iPhone 16 Pro Max 1TB | Chính hãng VN/A,iphone-16-pro-max-1tb,,Apple,iphone-16-pro-max-1tb,iphone-16-pro-max-1tb.html,0,46,46,True,46990000.0,42990000.0,,./data_products/images_product/image_product_90117.png
85280,OPPO Find X8 16GB 512GB,dien-thoai-oppo-find-x8,,OPPO,dien-thoai-oppo-find-x8,dien-thoai-oppo-find-x8.html,0,46,46,True,22990000.0,21990000.0,,./data_products/images_product/image_product_85280.png
68859,iPhone 15 Plus 256GB | Chính hãng VN/A,iphone-15-plus-256gb,,Apple,iphone-15-plus-256gb,iphone-15-plus-256gb.html,0,46,46,True,25990000.0,22790000.0,,./data_products/images_product/image_product_68859.png
90117,iPhone 16 Pro Max 1TB | Chính hãng VN/A,iphone-16-pro-max-1tb,,Apple,iphone-16-pro-max-1tb,iphone-16-pro-max-1tb.html,0,46,46,True,46990000.0,42990000.0,,./data_products/images_product/image_product_90117.png
93788,Nothing Phone 2A Plus 5G 12GB 256GB - Chỉ có tại CellphoneS,dien-thoai-nothing-phone-2a-plus,,Hãng khác,dien-thoai-nothing-phone-2a-plus,dien-thoai-nothing-phone-2a-plus.html,0,46,46,True,11490000.0,8890000.0,,./data_products/images_product/image_product_93788.png
68859,iPhone 15 Plus 256GB | Chính hãng VN/A,iphone-15-plus-256gb,,Apple,iphone-15-plus-256gb,iphone-15-plus-256gb.html,0,46,46,True,25990000.0,22790000.0,,./data_products/images_product/image_product_68859.png
90114,iPhone 16 Plus 256GB | Chính hãng VN/A,iphone-16-plus-256gb,,Apple,iphone-16-plus-256gb,iphone-16-plus-256gb.html,0,46,46,True,28990000.0,25290000.0,,./data_products/images_product/image_product_90114.png
93788,Nothing Phone 2A Plus 5G 12GB 256GB - Chỉ có tại CellphoneS,dien-thoai-nothing-phone-2a-plus,,Hãng khác,dien-thoai-nothing-phone-2a-plus,dien-thoai-nothing-phone-2a-plus.html,0,46,46,True,11490000.0,8890000.0,,./data_products/images_product/image_product_93788.png
53193,Samsung Galaxy A55 5G 8GB 128GB,samsung-galaxy-a55,,Samsung,samsung-galaxy-a55,samsung-galaxy-a55.html,0,46,46,True,9990000.0,7890000.0,,./data_products/images_product/image_product_53193.png
90114,iPhone 16 Plus 256GB | Chính hãng VN/A,iphone-16-plus-256gb,,Apple,iphone-16-plus-256gb,iphone-16-plus-256gb.html,0,46,46,True,28990000.0,25290000.0,,./data_products/images_product/image_product_90114.png
90112,iPhone 16 256GB | Chính hãng VN/A,iphone-16-256gb,,Apple,iphone-16-256gb,iphone-16-256gb.html,0,46,46,True,25990000.0,22490000.0,,./data_products/images_product/image_product_90112.png
53193,Samsung Galaxy A55 5G 8GB 128GB,samsung-galaxy-a55,,Samsung,samsung-galaxy-a55,samsung-galaxy-a55.html,0,46,46,True,9990000.0,7890000.0,,./data_products/images_product/image_product_53193.png
96795,Xiaomi Redmi Note 13 Pro 5G 8GB 256GB ,dien-thoai-xiaomi-redmi-note-13-pro-5g-8gb-256gb,,Xiaomi,dien-thoai-xiaomi-redmi-note-13-pro-5g-8gb-256gb,dien-thoai-xiaomi-redmi-note-13-pro-5g-8gb-256gb.html,0,46,46,True,9490000.0,7390000.0,,./data_products/images_product/image_product_96795.png
90112,iPhone 16 256GB | Chính hãng VN/A,iphone-16-256gb,,Apple,iphone-16-256gb,iphone-16-256gb.html,0,46,46,True,25990000.0,22490000.0,,./data_products/images_product/image_product_90112.png
96795,Xiaomi Redmi Note 13 Pro 5G 8GB 256GB ,dien-thoai-xiaomi-redmi-note-13-pro-5g-8gb-256gb,,Xiaomi,dien-thoai-xiaomi-redmi-note-13-pro-5g-8gb-256gb,dien-thoai-xiaomi-redmi-note-13-pro-5g-8gb-256gb.html,0,46,46,True,9490000.0,7390000.0,,./data_products/images_product/image_product_96795.png
95959,OPPO Reno13 F 8GB 256GB,dien-thoai-oppo-reno13f-4g,,OPPO,dien-thoai-oppo-reno13f-4g,dien-thoai-oppo-reno13f-4g.html,0,46,46,True,8990000.0,8490000.0,,./data_products/images_product/image_product_95959.png
95959,OPPO Reno13 F 8GB 256GB,dien-thoai-oppo-reno13f-4g,,OPPO,dien-thoai-oppo-reno13f-4g,dien-thoai-oppo-reno13f-4g.html,0,46,46,True,8990000.0,8490000.0,,./data_products/images_product/image_product_95959.png
80473,Samsung Galaxy M55 12GB 256GB,dien-thoai-samsung-galaxy-m55,,Samsung,dien-thoai-samsung-galaxy-m55,dien-thoai-samsung-galaxy-m55.html,0,46,46,True,11190000.0,8590000.0,,./data_products/images_product/image_product_80473.png
80473,Samsung Galaxy M55 12GB 256GB,dien-thoai-samsung-galaxy-m55,,Samsung,dien-thoai-samsung-galaxy-m55,dien-thoai-samsung-galaxy-m55.html,0,46,46,True,11190000.0,8590000.0,,./data_products/images_product/image_product_80473.png
93386,Điện thoại Meizu Mblu 21 4GB 64GB ,dien-thoai-meizu-mblu-21,,Hãng khác,dien-thoai-meizu-mblu-21,dien-thoai-meizu-mblu-21.html,0,46,46,True,2490000.0,1990000.0,,./data_products/images_product/image_product_93386.png
93386,Điện thoại Meizu Mblu 21 4GB 64GB ,dien-thoai-meizu-mblu-21,,Hãng khác,dien-thoai-meizu-mblu-21,dien-thoai-meizu-mblu-21.html,0,46,46,True,2490000.0,1990000.0,,./data_products/images_product/image_product_93386.png
18388,iPhone 11 128GB | Chính hãng VN/A ,iphone-11-128gb,,Apple,iphone-11-128gb,iphone-11-128gb.html,1,46,46,True,11990000.0,9490000.0,,./data_products/images_product/image_product_18388.png
18388,iPhone 11 128GB | Chính hãng VN/A ,iphone-11-128gb,,Apple,iphone-11-128gb,iphone-11-128gb.html,1,46,46,True,11990000.0,9490000.0,,./data_products/images_product/image_product_18388.png
83010,OPPO Reno12 5G 12GB 256GB,dien-thoai-oppo-reno12-5g,,OPPO,dien-thoai-oppo-reno12-5g,dien-thoai-oppo-reno12-5g.html,0,46,46,True,12990000.0,9190000.0,,./data_products/images_product/image_product_83010.png
83010,OPPO Reno12 5G 12GB 256GB,dien-thoai-oppo-reno12-5g,,OPPO,dien-thoai-oppo-reno12-5g,dien-thoai-oppo-reno12-5g.html,0,46,46,True,12990000.0,9190000.0,,./data_products/images_product/image_product_83010.png
88564,Samsung Galaxy A06 4GB 128GB,dien-thoai-samsung-galaxy-a06,,Samsung,dien-thoai-samsung-galaxy-a06,dien-thoai-samsung-galaxy-a06.html,0,46,46,True,3490000.0,2990000.0,,./data_products/images_product/image_product_88564.png
88564,Samsung Galaxy A06 4GB 128GB,dien-thoai-samsung-galaxy-a06,,Samsung,dien-thoai-samsung-galaxy-a06,dien-thoai-samsung-galaxy-a06.html,0,46,46,True,3490000.0,2990000.0,,./data_products/images_product/image_product_88564.png
96373,TECNO SPARK 30 Pro 8GB 256GB Transformer - Chỉ có tại CellphoneS,dien-thoai-tecno-spark-30-pro-8gb-256gb,,Hãng khác,dien-thoai-tecno-spark-30-pro-8gb-256gb,dien-thoai-tecno-spark-30-pro-8gb-256gb.html,0,46,46,True,5290000.0,4390000.0,,./data_products/images_product/image_product_96373.png
96373,TECNO SPARK 30 Pro 8GB 256GB Transformer - Chỉ có tại CellphoneS,dien-thoai-tecno-spark-30-pro-8gb-256gb,,Hãng khác,dien-thoai-tecno-spark-30-pro-8gb-256gb,dien-thoai-tecno-spark-30-pro-8gb-256gb.html,0,46,46,True,5290000.0,4390000.0,,./data_products/images_product/image_product_96373.png
93646,Samsung Galaxy A06 5G 4GB 128GB,dien-thoai-samsung-galaxy-a06-5g,,Samsung,dien-thoai-samsung-galaxy-a06-5g,dien-thoai-samsung-galaxy-a06-5g.html,0,46,46,True,3990000.0,3490000.0,,./data_products/images_product/image_product_93646.png
93646,Samsung Galaxy A06 5G 4GB 128GB,dien-thoai-samsung-galaxy-a06-5g,,Samsung,dien-thoai-samsung-galaxy-a06-5g,dien-thoai-samsung-galaxy-a06-5g.html,0,46,46,True,3990000.0,3490000.0,,./data_products/images_product/image_product_93646.png
98498,Samsung Galaxy S25 Ultra 512GB,dien-thoai-samsung-galaxy-s25-ultra-512gb,,Samsung,dien-thoai-samsung-galaxy-s25-ultra-512gb,dien-thoai-samsung-galaxy-s25-ultra-512gb.html,0,46,46,True,37490000.0,32090000.0,,./data_products/images_product/image_product_98498.png
98498,Samsung Galaxy S25 Ultra 512GB,dien-thoai-samsung-galaxy-s25-ultra-512gb,,Samsung,dien-thoai-samsung-galaxy-s25-ultra-512gb,dien-thoai-samsung-galaxy-s25-ultra-512gb.html,0,46,46,True,37490000.0,32090000.0,,./data_products/images_product/image_product_98498.png
85247,OPPO A3 6GB 128GB,dien-thoai-oppo-a3,,OPPO,dien-thoai-oppo-a3,dien-thoai-oppo-a3.html,0,46,46,True,4990000.0,4590000.0,,./data_products/images_product/image_product_85247.png
85247,OPPO A3 6GB 128GB,dien-thoai-oppo-a3,,OPPO,dien-thoai-oppo-a3,dien-thoai-oppo-a3.html,0,46,46,True,4990000.0,4590000.0,,./data_products/images_product/image_product_85247.png
84108,Samsung Galaxy S25 Plus 256GB,dien-thoai-samsung-galaxy-s25-plus,,Samsung,dien-thoai-samsung-galaxy-s25-plus,dien-thoai-samsung-galaxy-s25-plus.html,0,46,46,True,26990000.0,23790000.0,,./data_products/images_product/image_product_84108.png
84108,Samsung Galaxy S25 Plus 256GB,dien-thoai-samsung-galaxy-s25-plus,,Samsung,dien-thoai-samsung-galaxy-s25-plus,dien-thoai-samsung-galaxy-s25-plus.html,0,46,46,True,26990000.0,23790000.0,,./data_products/images_product/image_product_84108.png
77853,Nubia Neo 2 5G,nubia-neo-2,,Hãng khác,nubia-neo-2,nubia-neo-2.html,0,46,46,True,4990000.0,4490000.0,,./data_products/images_product/image_product_77853.png
77853,Nubia Neo 2 5G,nubia-neo-2,,Hãng khác,nubia-neo-2,nubia-neo-2.html,0,46,46,True,4990000.0,4490000.0,,./data_products/images_product/image_product_77853.png
53270,Samsung Galaxy A25 5G 6GB 128GB,samsung-galaxy-a25,,Samsung,samsung-galaxy-a25,samsung-galaxy-a25.html,0,46,46,True,6590000.0,4990000.0,,./data_products/images_product/image_product_53270.png
53270,Samsung Galaxy A25 5G 6GB 128GB,samsung-galaxy-a25,,Samsung,samsung-galaxy-a25,samsung-galaxy-a25.html,0,46,46,True,6590000.0,4990000.0,,./data_products/images_product/image_product_53270.png
91270,TECNO CAMON 30S 8GB 256GB,dien-thoai-tecno-camon-30s,,Hãng khác,dien-thoai-tecno-camon-30s,dien-thoai-tecno-camon-30s.html,0,46,46,True,5490000.0,4790000.0,{},./data_products/images_product/image_product_91270.png
91270,TECNO CAMON 30S 8GB 256GB,dien-thoai-tecno-camon-30s,,Hãng khác,dien-thoai-tecno-camon-30s,dien-thoai-tecno-camon-30s.html,0,46,46,True,5490000.0,4790000.0,{},./data_products/images_product/image_product_91270.png
59293,Samsung Galaxy S24 Plus 12GB 256GB,samsung-galaxy-s24-plus,,Samsung,samsung-galaxy-s24-plus,samsung-galaxy-s24-plus.html,0,46,46,True,26990000.0,16990000.0,,./data_products/images_product/image_product_59293.png
59293,Samsung Galaxy S24 Plus 12GB 256GB,samsung-galaxy-s24-plus,,Samsung,samsung-galaxy-s24-plus,samsung-galaxy-s24-plus.html,0,46,46,True,26990000.0,16990000.0,,./data_products/images_product/image_product_59293.png
99776,TECNO CAMON 40 Pro 8GB 256GB,dien-thoai-tecno-camon-40-pro,,Hãng khác,dien-thoai-tecno-camon-40-pro,dien-thoai-tecno-camon-40-pro.html,0,46,46,True,6990000.0,5990000.0,,./data_products/images_product/image_product_99776.png
99776,TECNO CAMON 40 Pro 8GB 256GB,dien-thoai-tecno-camon-40-pro,,Hãng khác,dien-thoai-tecno-camon-40-pro,dien-thoai-tecno-camon-40-pro.html,0,46,46,True,6990000.0,5990000.0,,./data_products/images_product/image_product_99776.png
82067,Redmi Note 13 Pro 5G 12GB 512GB,dien-thoai-redmi-note-13-pro-5g,,Xiaomi,dien-thoai-redmi-note-13-pro-5g,dien-thoai-redmi-note-13-pro-5g.html,0,46,46,True,10990000.0,8890000.0,,./data_products/images_product/image_product_82067.png
82067,Redmi Note 13 Pro 5G 12GB 512GB,dien-thoai-redmi-note-13-pro-5g,,Xiaomi,dien-thoai-redmi-note-13-pro-5g,dien-thoai-redmi-note-13-pro-5g.html,0,46,46,True,10990000.0,8890000.0,,./data_products/images_product/image_product_82067.png
67378,Xiaomi Redmi Note 13 Pro Plus 5G 8GB 256GB,xiaomi-redmi-note-13-pro-plus,,Xiaomi,xiaomi-redmi-note-13-pro-plus,xiaomi-redmi-note-13-pro-plus.html,0,46,46,True,10990000.0,8090000.0,,./data_products/images_product/image_product_67378.png
67378,Xiaomi Redmi Note 13 Pro Plus 5G 8GB 256GB,xiaomi-redmi-note-13-pro-plus,,Xiaomi,xiaomi-redmi-note-13-pro-plus,xiaomi-redmi-note-13-pro-plus.html,0,46,46,True,10990000.0,8090000.0,,./data_products/images_product/image_product_67378.png
82060,Xiaomi Redmi Note 13 Pro 8GB 256GB ,dien-thoai-xiaomi-redmi-note-13-pro-8gb-256gb,,Xiaomi,dien-thoai-xiaomi-redmi-note-13-pro-8gb-256gb,dien-thoai-xiaomi-redmi-note-13-pro-8gb-256gb.html,0,46,46,True,7990000.0,6090000.0,,./data_products/images_product/image_product_82060.png
82060,Xiaomi Redmi Note 13 Pro 8GB 256GB ,dien-thoai-xiaomi-redmi-note-13-pro-8gb-256gb,,Xiaomi,dien-thoai-xiaomi-redmi-note-13-pro-8gb-256gb,dien-thoai-xiaomi-redmi-note-13-pro-8gb-256gb.html,0,46,46,True,7990000.0,6090000.0,,./data_products/images_product/image_product_82060.png
95960,OPPO Reno13 F 5G 12GB 256GB,dien-thoai-oppo-reno13f-5g,,OPPO,dien-thoai-oppo-reno13f-5g,dien-thoai-oppo-reno13f-5g.html,0,46,46,True,10990000.0,10390000.0,,./data_products/images_product/image_product_95960.png
95960,OPPO Reno13 F 5G 12GB 256GB,dien-thoai-oppo-reno13f-5g,,OPPO,dien-thoai-oppo-reno13f-5g,dien-thoai-oppo-reno13f-5g.html,0,46,46,True,10990000.0,10390000.0,,./data_products/images_product/image_product_95960.png
93649,Samsung Galaxy A16 LTE 4GB 128GB,dien-thoai-samsung-galaxy-a16-lte,,Samsung,dien-thoai-samsung-galaxy-a16-lte,dien-thoai-samsung-galaxy-a16-lte.html,0,46,46,True,5090000.0,4590000.0,,./data_products/images_product/image_product_93649.png
93649,Samsung Galaxy A16 LTE 4GB 128GB,dien-thoai-samsung-galaxy-a16-lte,,Samsung,dien-thoai-samsung-galaxy-a16-lte,dien-thoai-samsung-galaxy-a16-lte.html,0,46,46,True,5090000.0,4590000.0,,./data_products/images_product/image_product_93649.png
72332,TECNO POVA 6 NEO 8GB 128GB,tecno-pova-6-neo,,Hãng khác,tecno-pova-6-neo,tecno-pova-6-neo.html,0,46,46,True,4590000.0,3990000.0,,./data_products/images_product/image_product_72332.png
72332,TECNO POVA 6 NEO 8GB 128GB,tecno-pova-6-neo,,Hãng khác,tecno-pova-6-neo,tecno-pova-6-neo.html,0,46,46,True,4590000.0,3990000.0,,./data_products/images_product/image_product_72332.png
62717,OPPO A18 4GB 128GB,oppo-a18,,OPPO,oppo-a18,oppo-a18.html,0,46,46,True,3990000.0,3190000.0,,./data_products/images_product/image_product_62717.png
62717,OPPO A18 4GB 128GB,oppo-a18,,OPPO,oppo-a18,oppo-a18.html,0,46,46,True,3990000.0,3190000.0,,./data_products/images_product/image_product_62717.png
83012,OPPO Reno12 F 5G 8GB 256GB,dien-thoai-oppo-reno12f-5g,,OPPO,dien-thoai-oppo-reno12-f,dien-thoai-oppo-reno12-f.html,0,46,46,True,9490000.0,7990000.0,,./data_products/images_product/image_product_83012.png
83012,OPPO Reno12 F 5G 8GB 256GB,dien-thoai-oppo-reno12f-5g,,OPPO,dien-thoai-oppo-reno12-f,dien-thoai-oppo-reno12-f.html,0,46,46,True,9490000.0,7990000.0,,./data_products/images_product/image_product_83012.png
72748,Samsung Galaxy S24 Ultra 12GB 512GB,samsung-galaxy-s24-ultra-512gb,,Samsung,samsung-galaxy-s24-ultra-512gb,samsung-galaxy-s24-ultra-512gb.html,0,46,46,True,37490000.0,25990000.0,{},./data_products/images_product/image_product_72748.png
72211,OPPO A79 5G 8GB 256GB,oppo-a79,,OPPO,oppo-a79,oppo-a79.html,0,46,46,True,7490000.0,6990000.0,,./data_products/images_product/image_product_72211.png
72748,Samsung Galaxy S24 Ultra 12GB 512GB,samsung-galaxy-s24-ultra-512gb,,Samsung,samsung-galaxy-s24-ultra-512gb,samsung-galaxy-s24-ultra-512gb.html,0,46,46,True,37490000.0,25990000.0,{},./data_products/images_product/image_product_72748.png
59734,OPPO Find N3 16GB 512GB,oppo-find-n3,,OPPO,oppo-find-n3,oppo-find-n3.html,0,46,46,True,44990000.0,31990000.0,,./data_products/images_product/image_product_59734.png
72211,OPPO A79 5G 8GB 256GB,oppo-a79,,OPPO,oppo-a79,oppo-a79.html,0,46,46,True,7490000.0,6990000.0,,./data_products/images_product/image_product_72211.png
59734,OPPO Find N3 16GB 512GB,oppo-find-n3,,OPPO,oppo-find-n3,oppo-find-n3.html,0,46,46,True,44990000.0,31990000.0,,./data_products/images_product/image_product_59734.png
99862,TECNO CAMON 40 8GB 128GB,dien-thoai-tecno-camon-40,,Hãng khác,dien-thoai-tecno-camon-40,dien-thoai-tecno-camon-40.html,0,46,46,True,5990000.0,5290000.0,,./data_products/images_product/image_product_99862.png
99862,TECNO CAMON 40 8GB 128GB,dien-thoai-tecno-camon-40,,Hãng khác,dien-thoai-tecno-camon-40,dien-thoai-tecno-camon-40.html,0,46,46,True,5990000.0,5290000.0,,./data_products/images_product/image_product_99862.png
64832,Nubia Neo 8GB 256GB ,nubia-neo-5g,,Hãng khác,nubia-neo-5g,nubia-neo-5g.html,0,46,46,True,4990000.0,3990000.0,,./data_products/images_product/image_product_64832.png
42337,OPPO Find X5 Pro 5G 12GB 256GB ,oppo-find-x5-pro,,OPPO,oppo-find-x5-pro,oppo-find-x5-pro.html,0,46,46,True,19990000.0,13490000.0,,./data_products/images_product/image_product_42337.png
64832,Nubia Neo 8GB 256GB ,nubia-neo-5g,,Hãng khác,nubia-neo-5g,nubia-neo-5g.html,0,46,46,True,4990000.0,3990000.0,,./data_products/images_product/image_product_64832.png
83931,OPPO A58 8GB 128GB,oppo-a58-8gb-128gb,,OPPO,oppo-a58-8gb-128gb,oppo-a58-8gb-128gb.html,0,46,46,True,5490000.0,4590000.0,,./data_products/images_product/image_product_83931.png
42337,OPPO Find X5 Pro 5G 12GB 256GB ,oppo-find-x5-pro,,OPPO,oppo-find-x5-pro,oppo-find-x5-pro.html,0,46,46,True,19990000.0,13490000.0,,./data_products/images_product/image_product_42337.png
87123,OPPO A3 8GB 256GB,dien-thoai-oppo-a3-8gb-256gb,,OPPO,dien-thoai-oppo-a3-8gb-256gb,dien-thoai-oppo-a3-8gb-256gb.html,0,46,46,True,6490000.0,5790000.0,,./data_products/images_product/image_product_87123.png
83931,OPPO A58 8GB 128GB,oppo-a58-8gb-128gb,,OPPO,oppo-a58-8gb-128gb,oppo-a58-8gb-128gb.html,0,46,46,True,5490000.0,4590000.0,,./data_products/images_product/image_product_83931.png
88446,Itel RS4 8GB 256GB NFC,dien-thoai-itel-rs4,,Hãng khác,dien-thoai-itel-rs4,dien-thoai-itel-rs4.html,0,46,46,True,3990000.0,3590000.0,,./data_products/images_product/image_product_88446.png
87123,OPPO A3 8GB 256GB,dien-thoai-oppo-a3-8gb-256gb,,OPPO,dien-thoai-oppo-a3-8gb-256gb,dien-thoai-oppo-a3-8gb-256gb.html,0,46,46,True,6490000.0,5790000.0,,./data_products/images_product/image_product_87123.png
85820,OPPO A18 4GB 64GB,dien-thoai-oppo-a18-4gb-64gb,,OPPO,dien-thoai-oppo-a18-4gb-64gb,dien-thoai-oppo-a18-4gb-64gb.html,0,46,46,True,3290000.0,2890000.0,,./data_products/images_product/image_product_85820.png
88446,Itel RS4 8GB 256GB NFC,dien-thoai-itel-rs4,,Hãng khác,dien-thoai-itel-rs4,dien-thoai-itel-rs4.html,0,46,46,True,3990000.0,3590000.0,,./data_products/images_product/image_product_88446.png
93387,Điện thoại Meizu Mblu 21 6GB 128GB ,dien-thoai-meizu-mblu-21-128gb,,Hãng khác,dien-thoai-meizu-mblu-21-128gb,dien-thoai-meizu-mblu-21-128gb.html,0,46,46,True,2990000.0,2390000.0,,./data_products/images_product/image_product_93387.png
85820,OPPO A18 4GB 64GB,dien-thoai-oppo-a18-4gb-64gb,,OPPO,dien-thoai-oppo-a18-4gb-64gb,dien-thoai-oppo-a18-4gb-64gb.html,0,46,46,True,3290000.0,2890000.0,,./data_products/images_product/image_product_85820.png
59736,OPPO Find N3 Flip 12GB 256GB,oppo-find-n3-flip,,OPPO,oppo-find-n3-flip,oppo-find-n3-flip.html,0,46,46,True,22990000.0,16490000.0,,./data_products/images_product/image_product_59736.png
93387,Điện thoại Meizu Mblu 21 6GB 128GB ,dien-thoai-meizu-mblu-21-128gb,,Hãng khác,dien-thoai-meizu-mblu-21-128gb,dien-thoai-meizu-mblu-21-128gb.html,0,46,46,True,2990000.0,2390000.0,,./data_products/images_product/image_product_93387.png
90682,realme 13+ 5G 8GB 256GB,dien-thoai-realme-13-plus-5g,,Realme,dien-thoai-realme-13-plus-5g,dien-thoai-realme-13-plus-5g.html,0,46,46,True,9490000.0,7390000.0,{},./data_products/images_product/image_product_90682.png
59736,OPPO Find N3 Flip 12GB 256GB,oppo-find-n3-flip,,OPPO,oppo-find-n3-flip,oppo-find-n3-flip.html,0,46,46,True,22990000.0,16490000.0,,./data_products/images_product/image_product_59736.png
77301,Infinix Hot 40i 8GB 256GB,dien-thoai-infinix-hot-40i-8gb-256gb,,Hãng khác,dien-thoai-infinix-hot-40i-8gb-256gb,dien-thoai-infinix-hot-40i-8gb-256gb.html,0,46,46,True,3190000.0,2390000.0,,./data_products/images_product/image_product_77301.png
90682,realme 13+ 5G 8GB 256GB,dien-thoai-realme-13-plus-5g,,Realme,dien-thoai-realme-13-plus-5g,dien-thoai-realme-13-plus-5g.html,0,46,46,True,9490000.0,7390000.0,{},./data_products/images_product/image_product_90682.png
77301,Infinix Hot 40i 8GB 256GB,dien-thoai-infinix-hot-40i-8gb-256gb,,Hãng khác,dien-thoai-infinix-hot-40i-8gb-256gb,dien-thoai-infinix-hot-40i-8gb-256gb.html,0,46,46,True,3190000.0,2390000.0,,./data_products/images_product/image_product_77301.png
96530,Itel P55 Plus 8GB 128GB ,dien-thoai-itel-p55-plus,,Hãng khác,dien-thoai-itel-p55-plus,dien-thoai-itel-p55-plus.html,0,46,46,True,3290000.0,2790000.0,,./data_products/images_product/image_product_96530.png
75812,Infinix Hot 40 Pro Free Fire 8GB 256GB,dien-thoai-infinix-hot-40-pro,,Hãng khác,dien-thoai-infinix-hot-40-pro,dien-thoai-infinix-hot-40-pro.html,0,46,46,True,4290000.0,3450000.0,,./data_products/images_product/image_product_75812.png
96530,Itel P55 Plus 8GB 128GB ,dien-thoai-itel-p55-plus,,Hãng khác,dien-thoai-itel-p55-plus,dien-thoai-itel-p55-plus.html,0,46,46,True,3290000.0,2790000.0,,./data_products/images_product/image_product_96530.png
75812,Infinix Hot 40 Pro Free Fire 8GB 256GB,dien-thoai-infinix-hot-40-pro,,Hãng khác,dien-thoai-infinix-hot-40-pro,dien-thoai-infinix-hot-40-pro.html,0,46,46,True,4290000.0,3450000.0,,./data_products/images_product/image_product_75812.png
92990,vivo Y19S 8GB 128GB ,dien-thoai-vivo-y19s,,Vivo,dien-thoai-vivo-y19s,dien-thoai-vivo-y19s.html,0,46,46,True,4790000.0,4390000.0,,./data_products/images_product/image_product_92990.png
88715,Nokia HMD 105 4G,nokia-hmd-105-4g,,Nokia,nokia-hmd-105-4g,nokia-hmd-105-4g.html,0,46,46,True,650000.0,0.0,,./data_products/images_product/image_product_88715.png
92990,vivo Y19S 8GB 128GB ,dien-thoai-vivo-y19s,,Vivo,dien-thoai-vivo-y19s,dien-thoai-vivo-y19s.html,0,46,46,True,4790000.0,4390000.0,,./data_products/images_product/image_product_92990.png
79220,vivo V30E 12GB 256GB,dien-thoai-vivo-v30e,,Vivo,dien-thoai-vivo-v30e,dien-thoai-vivo-v30e.html,0,46,46,True,10490000.0,8990000.0,,./data_products/images_product/image_product_79220.png
88715,Nokia HMD 105 4G,nokia-hmd-105-4g,,Nokia,nokia-hmd-105-4g,nokia-hmd-105-4g.html,0,46,46,True,650000.0,0.0,,./data_products/images_product/image_product_88715.png
64928,TECNO POVA 5 8GB 256GB,tecno-pova-5-8gb-256gb,,Hãng khác,tecno-pova-5-8gb-256gb,tecno-pova-5-8gb-256gb.html,0,46,46,True,5290000.0,3890000.0,,./data_products/images_product/image_product_64928.png
82915,Nokia 3210 4G ,nokia-3210-4g,,Nokia,nokia-3210-4g,nokia-3210-4g.html,0,46,46,True,1590000.0,1550000.0,,./data_products/images_product/image_product_82915.png
79220,vivo V30E 12GB 256GB,dien-thoai-vivo-v30e,,Vivo,dien-thoai-vivo-v30e,dien-thoai-vivo-v30e.html,0,46,46,True,10490000.0,8990000.0,,./data_products/images_product/image_product_79220.png
78051,Masstel izi T2 4G,dien-thoai-masstel-izi-t2,,Hãng khác,dien-thoai-masstel-izi-t2,dien-thoai-masstel-izi-t2.html,0,46,46,True,500000.0,0.0,,./data_products/images_product/image_product_78051.png
64928,TECNO POVA 5 8GB 256GB,tecno-pova-5-8gb-256gb,,Hãng khác,tecno-pova-5-8gb-256gb,tecno-pova-5-8gb-256gb.html,0,46,46,True,5290000.0,3890000.0,,./data_products/images_product/image_product_64928.png
65137,Nokia 110 4G Pro,nokia-110-4g-pro,,Nokia,nokia-110-4g-pro,nokia-110-4g-pro.html,0,46,46,True,750000.0,0.0,,./data_products/images_product/image_product_65137.png
82915,Nokia 3210 4G ,nokia-3210-4g,,Nokia,nokia-3210-4g,nokia-3210-4g.html,0,46,46,True,1590000.0,1550000.0,,./data_products/images_product/image_product_82915.png
97391,Itel RS4 8GB 128GB NFC,dien-thoai-itel-rs4-128gb,,Hãng khác,dien-thoai-itel-rs4-128gb,dien-thoai-itel-rs4-128gb.html,0,46,46,True,3990000.0,3290000.0,,./data_products/images_product/image_product_97391.png
78051,Masstel izi T2 4G,dien-thoai-masstel-izi-t2,,Hãng khác,dien-thoai-masstel-izi-t2,dien-thoai-masstel-izi-t2.html,0,46,46,True,500000.0,0.0,,./data_products/images_product/image_product_78051.png
65137,Nokia 110 4G Pro,nokia-110-4g-pro,,Nokia,nokia-110-4g-pro,nokia-110-4g-pro.html,0,46,46,True,750000.0,0.0,,./data_products/images_product/image_product_65137.png
18071,Nokia 220 4G,nokia-220-4g,,Nokia,nokia-220-4g,nokia-220-4g.html,0,46,46,True,990000.0,950000.0,,./data_products/images_product/image_product_18071.png
90306,Masstel izi 16 4G,dien-thoai-masstel-izi-16-4g-den,,Hãng khác,dien-thoai-masstel-izi-16-4g,dien-thoai-masstel-izi-16-4g.html,0,46,46,True,450000.0,0.0,{},./data_products/images_product/image_product_90306.png
97391,Itel RS4 8GB 128GB NFC,dien-thoai-itel-rs4-128gb,,Hãng khác,dien-thoai-itel-rs4-128gb,dien-thoai-itel-rs4-128gb.html,0,46,46,True,3990000.0,3290000.0,,./data_products/images_product/image_product_97391.png
98130,Itel RS4 12GB 256GB NFC,dien-thoai-itel-rs4-12gb-256gb,,Hãng khác,dien-thoai-itel-rs4-12gb-256gb,dien-thoai-itel-rs4-12gb-256gb.html,0,46,46,True,4590000.0,3790000.0,,./data_products/images_product/image_product_98130.png
18071,Nokia 220 4G,nokia-220-4g,,Nokia,nokia-220-4g,nokia-220-4g.html,0,46,46,True,990000.0,950000.0,,./data_products/images_product/image_product_18071.png
64834,OPPO Reno10 128GB,oppo-reno10-128gb,,OPPO,oppo-reno10-128gb,oppo-reno10-128gb.html,0,46,46,True,9990000.0,7990000.0,,./data_products/images_product/image_product_64834.png
90306,Masstel izi 16 4G,dien-thoai-masstel-izi-16-4g-den,,Hãng khác,dien-thoai-masstel-izi-16-4g,dien-thoai-masstel-izi-16-4g.html,0,46,46,True,450000.0,0.0,{},./data_products/images_product/image_product_90306.png
65136,Nokia 105 4G Pro,nokia-105-4g-pro,,Nokia,nokia-105-4g-pro,nokia-105-4g-pro.html,0,46,46,True,680000.0,0.0,,./data_products/images_product/image_product_65136.png
98130,Itel RS4 12GB 256GB NFC,dien-thoai-itel-rs4-12gb-256gb,,Hãng khác,dien-thoai-itel-rs4-12gb-256gb,dien-thoai-itel-rs4-12gb-256gb.html,0,46,46,True,4590000.0,3790000.0,,./data_products/images_product/image_product_98130.png
86449,Điện thoại ZTE Blade A55 4GB 128GB ,dien-thoai-zte-blade-a55-4gb-128gb,,Hãng khác,dien-thoai-zte-blade-a55-4gb-128gb,dien-thoai-zte-blade-a55-4gb-128gb.html,0,46,46,True,2290000.0,2190000.0,,./data_products/images_product/image_product_86449.png
64834,OPPO Reno10 128GB,oppo-reno10-128gb,,OPPO,oppo-reno10-128gb,oppo-reno10-128gb.html,0,46,46,True,9990000.0,7990000.0,,./data_products/images_product/image_product_64834.png
65136,Nokia 105 4G Pro,nokia-105-4g-pro,,Nokia,nokia-105-4g-pro,nokia-105-4g-pro.html,0,46,46,True,680000.0,0.0,,./data_products/images_product/image_product_65136.png
90677,Itel 9310 4G,dien-thoai-itel-9310-4g,,Hãng khác,dien-thoai-itel-9310-4g,dien-thoai-itel-9310-4g.html,0,46,46,True,650000.0,0.0,,./data_products/images_product/image_product_90677.png
86449,Điện thoại ZTE Blade A55 4GB 128GB ,dien-thoai-zte-blade-a55-4gb-128gb,,Hãng khác,dien-thoai-zte-blade-a55-4gb-128gb,dien-thoai-zte-blade-a55-4gb-128gb.html,0,46,46,True,2290000.0,2190000.0,,./data_products/images_product/image_product_86449.png
88631,Masstel Fami 12S 4G,dien-thoai-masstel-fami-12s-4g-den,,Hãng khác,dien-thoai-masstel-fami-12s-4g,dien-thoai-masstel-fami-12s-4g.html,0,46,46,True,650000.0,0.0,,./data_products/images_product/image_product_88631.png
